temp_09.tif,temp_10.tif,temp_11.tif,temp_12.tif,temp_13.tif,prep_09.tif,prep_10.tif,prep_11.tif,prep_12.tif,prep_13.tif,spi_09,spi_10,spi_11,spi_12,spi_13,di_09,di_10,di_11,di_12,di_13,st_200_e,st_100_e,st_60_e,cl_13_e,cl_12_e,cl_11_e,cl_10_e,soc_0.tif,soc_10.tif,soc_30.tif,cl_09,st_0,st_30_e,geometry,x,y
14.740500450134277,14.626750946044922,15.06433391571045,15.72116756439209,14.230500221252441,98.73224639892578,98.73224639892578,128.7816619873047,104.99837493896484,153.09242248535156,-1.346111059,0.7336111068725586,-0.298194438,0.025694445,0.6570833325386047,-0.825694442,1.2002778053283691,-1.78347218,-1.982777834,0.5781944394111633,4,4,4,37,176,176,176,6,4,2,37,7,7,"c(-85.31, 34.41)",-85.31,34.41
15.01733398,15.316834449768066,15.87208366394043,16.450668334960938,14.965084075927734,95.57575225830078,95.57575225830078,102.07550048828125,89.99468231201172,141.49566650390625,-1.157361031,1.2769443988800049,-0.9375,-1.030833364,0.47708335518836975,0.24500000476837158,2.2655556201934814,-3.369166613,-4.711805344,-0.492361099,4,4,4,141,141,142,142,6,4,2,141,8,7,"c(-85.3, 33.62)",-85.3,33.61999999999999
15.048251152038574,15.265334129333496,15.837000846862793,16.420751571655273,15.117584228515625,97.68482971191406,97.68482971191406,94.92883301,97.74676513671875,140.46417236328125,-1.211527705,1.307361125946045,-0.697222233,-0.877499998,0.5736111402511597,0.42666667699813843,3.0756945610046387,-2.604583263,-3.974166632,-0.028888885,4,4,4,141,142,152,152,5,4,1,1,7,7,"c(-85.26, 33.34)",-85.26,33.34
15.181584358215332,15.303084373474121,15.860167503356934,16.460500717163086,14.518750190734863,103.14541625976562,103.14541625976562,136.6162567138672,102.91345977783203,146.7501678466797,-1.125972152,0.9293055534362793,0.578333318,0.6936110854148865,1.3393055200576782,-1.000138879,1.8101389408111572,0.5066666603088379,-0.437361121,2.0054166316986084,4,4,4,37,37,37,37,3,3,1,176,8,7,"c(-85.26, 34.86)",-85.26,34.86
15.112667083740234,15.441166877746582,15.825167655944824,16.510168075561523,15.168084144592285,93.894500732421875,93.894500732421875,99.12383270263672,89.789947509765625,150.50050354003906,-1.221388817,1.240694522857666,-0.912083328,-1.025555611,0.433472216,-0.381111115,2.269583225250244,-3.241250038,-4.700416565,-0.337916672,7,4,4,121,121,121,121,8,4,1,121,7,4,"c(-85.26, 33.74)",-85.26,33.739999999999995
14.992167472839355,15.295917510986328,15.692917823791504,16.448251724243164,15.150500297546387,91.63783264160156,91.63783264160156,102.9766616821289,91.154876708984375,154.69190979003906,-1.221388817,1.240694522857666,-0.912083328,-1.025555611,0.433472216,-0.381111115,2.269583225250244,-3.241250038,-4.700416565,-0.337916672,4,4,4,141,141,141,141,5,3,2,141,7,7,"c(-85.25, 33.78)",-85.25,33.78
15.710250854492188,15.523500442504883,15.872000694274902,16.711000442504883,15.104917526245117,94.00299835205078,94.00299835205078,112.4314193725586,94.28649902,145.89100646972656,-1.420138836,0.7754166722297668,-0.531944454,-0.556249976,0.4156944453716278,-0.942638874,1.4591666460037231,-2.276666641,-3.235694408,0.019166676327586174,4,4,4,122,122,122,122,4,3,1,122,7,7,"c(-85.24, 34.26)",-85.24,34.26
15.342667579650879,15.532417297363281,16.126501083374023,16.772666931152344,15.40725040435791,101.38633728027344,101.38633728027344,95.23458099365234,98.27406311035156,137.87008666992188,-1.190555573,1.4756944179534912,-0.475833327,-0.959027767,0.45944443345069885,-0.236249998,3.3965277671813965,-1.797083378,-4.06791687,-0.359722227,4,4,4,142,142,142,142,4,3,2,142,7,7,"c(-85.23, 33.37)",-85.23,33.37
15.235417366027832,15.26691722869873,15.75141716003418,16.83125114440918,15.265917778015137,95.31816864013672,95.31816864013672,106.66808319091797,82.91770172,152.85874938964844,-1.343611121,0.9956944584846497,-0.645277798,-0.844166636,0.22513888776302338,-0.738611102,1.8556944131851196,-2.754444361,-4.283888817,-0.765555561,4,4,4,143,143,142,142,3,2,1,141,8,7,"c(-85.18, 34.06)",-85.18,34.06000000000001
15.238917350769043,15.460083961486816,15.880334854125977,16.707334518432617,15.32158374786377,88.03941345214844,88.03941345214844,105.89241790771484,82.40126801,145.20358276367188,-1.262499928,1.2286111116409302,-0.971666694,-1.004583359,0.3787499964237213,-0.514444411,2.1104166507720947,-3.340972185,-4.634444237,-0.454444438,4,4,4,141,141,141,141,8,6,3,141,7,4,"c(-85.16, 33.78)",-85.16,33.78
15.141667366027832,15.267583847045898,15.94816780090332,16.678333282470703,14.782334327697754,95.61891174316406,95.61891174316406,131.6201629638672,97.59782409667969,152.18682861328125,-1.290555477,0.6573610901832581,0.1837500035762787,0.5301389098167419,0.9116666913032532,-1.524444461,0.8934722542762756,-0.023194445,-0.734027803,1.2177777290344238,4,4,4,141,141,141,141,6,6,2,141,7,7,"c(-85.13, 34.81)",-85.13,34.809999999999995
15.454501152038574,15.605084419250488,16.207834243774414,16.948333740234375,15.532083511352539,105.22958374023438,105.22958374023438,94.61066436767578,92.67597961425781,135.4302520751953,-1.188194394,1.5352777242660522,-0.4286111,-0.924861073,0.38277778029441833,-0.298055559,3.414027690887451,-1.630277753,-4.026389122,-0.417916656,4,4,4,141,141,141,141,5,4,1,141,7,7,"c(-85.12, 33.48)",-85.12,33.48
15.173750877380371,15.31000042,16.051000595092773,16.822084426879883,14.883584022521973,100.02466583251953,100.02466583251953,130.79733276367188,100.69263458251953,153.82542419433594,-1.431249976,0.7733333110809326,-0.259444445,0.060555551,0.7927777767181396,-1.658611059,1.3511110544204712,-1.504305601,-1.28347218,1.1072221994400024,1,4,4,142,142,142,142,5,3,1,142,8,4,"c(-85.07, 34.73)",-85.07,34.72999999999999
18.703750610351562,18.251834869384766,19.16425132751465,19.606834411621094,18.580333709716797,91.167999267578125,91.167999267578125,77.36975098,86.82825469970703,155.57566833496094,-0.094722226,1.0177778005599976,-1.635555506,-1.49444437,0.566527784,1.846666693687439,2.0913889408111572,-4.284583569,-5.375,-0.403611124,4,4,4,143,141,142,141,7,5,4,190,7,4,"c(-85.06, 31.47)",-85.06,31.470000000000002
14.935750961303711,14.843833923339844,15.609167098999023,16.44383430480957,14.796667098999023,90.76074981689453,90.76074981689453,119.86558532714844,101.16597747802734,159.7779998779297,-1.42527771,0.6980555653572083,-0.436666667,-0.191111118,0.71875,-1.446249962,1.4077777862548828,-1.903194427,-2.270833254,0.9690277576446533,4,4,4,141,142,143,142,3,2,1,142,8,4,"c(-84.99, 34.58)",-84.99,34.58
15.005500793457031,14.88508415222168,15.628667831420898,16.499000549316406,14.862167358398438,86.80716705322266,86.80716705322266,118.85050201416016,96.673309326171875,155.1751708984375,-1.433194399,0.6094444394111633,-0.610833347,-0.386388898,0.6333333253860474,-1.160277724,0.9636111259460449,-2.325138807,-2.697916746,0.9112499952316284,4,4,4,121,121,121,121,2,2,1,121,7,7,"c(-84.95, 34.47)",-84.95,34.47
14.917917251586914,14.826333999633789,15.627083778381348,16.488250732421875,14.83791732788086,93.03166198730469,93.03166198730469,121.14141845703125,102.1743392944336,158.44224548339844,-1.526527762,0.5731944441795349,-0.417083323,-0.178194448,0.7484722137451172,-1.426805496,1.398194432258606,-1.681805491,-2.111527681,1.2174999713897705,4,4,4,143,152,152,152,2,2,1,176,8,7,"c(-84.94, 34.62)",-84.94,34.620000000000005
17.857418060302734,17.68250084,18.67650032043457,19.11566734313965,18.014501571655273,92.5929184,92.5929184,83.71091461,95.48553466796875,147.02992248535156,-0.076944441,1.4090276956558228,-1.587499976,-1.550138831,0.5037500262260437,2.364166736602783,3.138472318649292,-4.107638836,-5.561110973,-0.756805539,6,6,6,61,176,61,61,3,2,1,61,9,6,"c(-84.87, 31.84)",-84.87,31.839999999999996
20.404083251953125,19.36225128173828,19.93200111,20.23083496,19.36741828918457,98.534332275390625,98.534332275390625,93.62408447265625,100.28026580810547,161.6366729736328,-0.344166666,0.48152777552604675,-1.589027762,-1.11611104,0.36763888597488403,0.2594444453716278,-0.067638889,-4.046249866,-4.633749962,-0.7901389,6,6,6,1,10,1,2,2,2,1,2,9,6,"c(-84.84, 31.05)",-84.84,31.050000000000008
20.58300018310547,19.46116828918457,20.08625030517578,20.416250228881836,19.55808448791504,103.33516693115234,103.33516693115234,79.03649902,102.53820037841797,150.85391235351562,-0.382638901,0.5105555653572083,-1.43638885,-1.207083344,0.3697222173213959,0.6768055558204651,0.6765277981758118,-3.577500105,-4.420138836,-0.749722183,6,6,6,37,176,142,176,3,4,2,176,9,6,"c(-84.83, 30.94)",-84.83,30.94
15.696084022521973,15.77108383178711,16.44675064086914,17.23725128173828,15.604500770568848,91.57575225830078,91.57575225830078,98.79650115966797,76.07434844970703,137.9165039,-1.399027705,1.3413889408111572,-0.857083321,-1.042083383,0.039999992,-1.008749962,2.7131943702697754,-2.995833397,-4.416527748,-0.79124999,4,4,4,142,142,142,141,6,4,1,142,7,4,"c(-84.8, 33.75)",-84.8,33.75
17.596834182739258,17.546751022338867,18.48083496,18.99616813659668,17.830333709716797,85.89875030517578,85.89875030517578,85.18250274658203,89.19127655029297,136.88882446289062,-0.447916657,1.284583330154419,-1.002083302,-1.067083359,0.6000000238418579,2.0951387882232666,3.249305486679077,-3.112083435,-4.450833321,0.3015277683734894,6,6,6,142,142,142,142,4,2,1,142,9,6,"c(-84.77, 32.37)",-84.77,32.37
20.429250717163086,19.328250885009766,20.101417541503906,20.488000869750977,19.663667678833008,106.47833251953125,106.47833251953125,76.78900146484375,107.3728256225586,146.78717041015625,-0.387500018,0.5088889002799988,-1.429583311,-1.181527734,0.2958333194255829,0.6991666555404663,0.742638886,-3.556805611,-4.445000172,-0.83708334,6,6,6,2,1,2,10,2,2,1,1,9,9,"c(-84.77, 30.96)",-84.77,30.96
19.78116798400879,18.840084075927734,19.724584579467773,20.107833862304688,19.312084197998047,96.24424743652344,96.24424743652344,86.302337646484375,98.77281188964844,153.54383850097656,-0.399722219,0.28930556774139404,-1.782777786,-1.186805487,0.21361111104488373,0.5715277791023254,-0.144999996,-4.084305763,-4.732361317,-1.028888822,6,6,6,2,10,2,2,2,2,1,10,9,6,"c(-84.75, 31.07)",-84.75,31.07
18.759000778198242,18.327417373657227,19.217918395996094,19.529251098632812,18.64116859436035,77.79724884033203,77.79724884033203,82.00983428955078,100.73236846923828,161.74600219726562,-0.302361131,0.36097222566604614,-1.95763886,-1.370972157,0.46388888359069824,1.277083396911621,0.4138889014720917,-4.616805553,-5.264027596,-0.657777786,6,6,6,122,122,122,122,3,2,1,10,9,6,"c(-84.72, 31.33)",-84.72,31.33
15.632667541503906,15.722084045410156,16.444250106811523,17.14575195,15.466584205627441,91.89441680908203,91.89441680908203,100.26457977294922,78.73677825927734,135.30250549316406,-1.305277705,1.3637499809265137,-0.644583344,-1.133749962,0.140833318,-0.782500029,2.7173612117767334,-2.568472147,-4.602499962,-0.558750033,4,4,4,141,141,141,141,5,3,1,141,7,4,"c(-84.65, 34.09)",-84.65,34.09000000000001
19.172666549682617,18.499500274658203,19.372333526611328,19.771251678466797,18.96150016784668,92.09441375732422,92.09441375732422,83.65142059326172,93.55778503417969,158.2637481689453,-0.378055573,0.27513888478279114,-1.847499967,-1.396666646,0.3179166615009308,0.883472204,0.20208333432674408,-4.33138895,-5.24444437,-1.01111114,6,6,6,225,225,10,2,3,2,1,1,9,6,"c(-84.65, 31.22)",-84.65,31.22
14.690084457397461,14.635750770568848,15.328834533691406,16.079084396362305,14.511417388916016,96.40558624267578,96.40558624267578,124.33200073242188,101.3511734008789,151.27207946777344,-1.32486105,0.9584722518920898,-0.436250001,-0.646111131,0.5305555462837219,-0.526111126,1.8895833492279053,-1.996250033,-3.283888817,0.9098610877990723,6,4,4,141,176,141,141,4,3,2,141,7,4,"c(-84.62, 34.39)",-84.62,34.39
19.559417724609375,18.654916763305664,19.60325050354004,20.081750869750977,19.32983398,99.13141632080078,99.13141632080078,80.5530014,93.83831024169922,148.55316162109375,-0.364444435,0.3547222316265106,-1.726944447,-1.326111078,0.23444443941116333,0.7877777814865112,0.2683333456516266,-3.85041666,-4.764444351,-0.943472207,6,6,6,10,225,2,2,2,2,2,10,9,9,"c(-84.61, 31.09)",-84.61,31.09
18.84225082397461,18.34808349609375,19.229583740234375,19.55350112915039,18.73900032043457,87.88791656,87.88791656,78.24066925048828,102.04145812988281,158.45941162109375,-0.383194447,0.42694443464279175,-1.760972142,-1.420972228,0.3326388895511627,1.0191667079925537,0.6297222375869751,-4.262639046,-5.310416698,-1.001805544,6,6,6,10,1,10,2,2,2,1,2,9,6,"c(-84.61, 31.27)",-84.61,31.270000000000003
14.128667831420898,14.034833908081055,14.689667701721191,15.349750518798828,13.76241683959961,86.58166504,86.58166504,117.07333374023438,102.79490661621094,168.27024841308594,-1.314444423,0.33569446206092834,-0.780555546,-0.509722233,0.555555522,-0.800833344,0.44527778029441833,-2.722361088,-3.241944313,0.5869444608688354,6,4,4,141,141,141,141,7,5,1,141,7,7,"c(-84.48, 34.51)",-84.48,34.51
18.439250946044922,18.09491729736328,18.953250885009766,19.37700080871582,18.376667022705078,98.95258331298828,98.95258331298828,76.87258148,83.34332275390625,128.27049255371094,-0.312083334,1.1366666555404663,-1.601944447,-1.513333321,0.33097222447395325,1.6894444227218628,2.5056943893432617,-3.948055506,-5.454305649,-0.644166648,6,7,7,2,1,5,2,2,2,1,1,9,7,"c(-84.45, 31.65)",-84.45,31.64999999999999
17.047250747680664,16.873750686645508,17.70050048828125,18.243501663208008,16.683168411254883,101.00199890136719,101.00199890136719,79.14600372314453,79.521575927734375,146.7600860595703,-0.504027784,1.361111044883728,-0.780000031,-1.70430553,0.4595833420753479,1.054444432258606,3.2326388359069824,-2.751666546,-4.818194389,0.34013888239860535,6,4,4,176,176,1,176,4,3,1,176,7,4,"c(-84.32, 32.69)",-84.32,32.69
13.247334480285645,13.125083923339844,14.10283374786377,14.56533432006836,13.093084335327148,106.15458679199219,106.15458679199219,112.12641906738281,107.7872314453125,169.2204132080078,-1.616944432,0.2963888943195343,-0.461666673,-0.488194436,0.5701388716697693,-2.28125,0.3172222077846527,-1.887638927,-2.707222223,0.7912499904632568,6,6,6,141,142,142,142,9,7,2,142,7,7,"c(-84.24, 34.79)",-84.24,34.79
17.219167709350586,17.047666549682617,17.912668228149414,18.489334106445312,16.818334579467773,101.17324829101562,101.17324829101562,74.30858612060547,78.22765350341797,148.7133331298828,-0.395277768,1.4284721612930298,-0.781666636,-1.90625,0.5405555963516235,1.390138864517212,3.488055467605591,-2.408611059,-4.858611107,0.585277796,6,7,7,37,176,176,37,2,2,1,61,9,7,"c(-84.22, 32.65)",-84.22,32.650000000000006
19.021333694458008,18.44150161743164,19.39725112915039,19.751667022705078,18.845584869384766,106.54875183105469,106.54875183105469,70.89941406,83.95204926,126.17449951171875,-0.314166665,0.6331944465637207,-1.323888898,-1.491944432,0.0625,1.1693055629730225,1.8298611640930176,-3.5,-5.344305515,-1.506527781,6,6,6,141,141,143,190,3,2,1,142,9,6,"c(-84.16, 31.15)",-84.16,31.149999999999995
14.27850056,14.410000801086426,15.278417587280273,15.738417625427246,14.14233398,136.9268341064453,136.9268341064453,142.12899780273438,137.50741577148438,214.22991943359375,-1.516388893,1.2163889408111572,0.070138887,-0.239166662,0.840833306,-1.760277748,2.3406944274902344,-0.508333325,-1.939166665,1.5073610544204712,6,6,4,141,141,142,142,9,7,2,142,7,4,"c(-84.09, 34.6)",-84.09,34.6
13.380084037780762,13.210500717163086,14.24416732788086,14.70383358001709,13.24708366394043,92.526580810546875,92.526580810546875,105.44975280761719,99.197235107421875,143.2186737060547,-1.633472204,0.36416667699813843,-0.656388879,-0.708333313,0.5051388740539551,-3.034305573,0.11319444328546524,-2.61611104,-3.4397223,0.292638898,7,7,4,141,141,141,141,0,0,0,141,7,7,"c(-84.08, 34.93)",-84.08,34.93
12.081833839416504,12.146834373474121,13.227167129516602,13.595917701721191,12.279084205627441,126.38916778564453,126.38916778564453,128.4285888671875,117.04918670654297,187.6389923095703,-1.590277791,0.6426388621330261,-0.155833334,-0.403611124,0.7338889241218567,-2.11263895,0.9327777624130249,-0.664583325,-2.175972223,1.2711111307144165,9,6,6,142,142,142,142,10,7,2,142,7,7,"c(-84.08, 34.76)",-84.08,34.76
14.483750343322754,14.598751068115234,15.391584396362305,15.86833381652832,14.337417602539062,128.10508728027344,128.10508728027344,122.38566589355469,112.0645980834961,171.05258178710938,-1.501249909,1.379722237586975,-0.119305559,-0.450694442,0.7229166626930237,-1.542500019,2.6159722805023193,-0.726388872,-2.530972242,1.0216666460037231,6,4,4,141,141,141,141,8,6,2,141,7,4,"c(-84.02, 34.48)",-84.02,34.48
17.57341766357422,17.404251098632812,18.38883399963379,18.706083297729492,17.20275115966797,99.474334716796875,99.474334716796875,84.87391662597656,71.76639556884766,138.52975463867188,-0.31694445,1.4043055772781372,-0.639027774,-1.567916632,0.7515277862548828,1.1237499713897705,3.8198611736297607,-2.05694437,-4.869027615,0.8072222471237183,6,4,4,141,142,142,190,5,3,2,142,7,4,"c(-84.01, 32.58)",-84.01,32.58
14.553084373474121,14.68166732788086,15.457834243774414,15.939667701721191,14.427583694458008,122.21875,122.21875,113.31683349609375,105.46353149414062,165.98899841308594,-1.487499952,1.3155555725097656,-0.202638894,-0.517916679,0.7302777767181396,-1.450833321,2.543750047683716,-0.831805527,-2.680555582,1.0130555629730225,6,7,4,141,141,141,141,8,5,2,141,7,7,"c(-83.97, 34.45)",-83.97,34.45
13.955000877380371,14.085750579833984,14.906500816345215,15.317916870117188,13.89525032043457,129.09817504882812,129.09817504882812,135.94667053222656,120.82145690917969,195.77658081054688,-1.48444438,1.2076388597488403,-0.127222225,-0.391666681,0.7343055605888367,-1.572222233,2.2815277576446533,-0.628194451,-2.303750038,1.3084722757339478,6,6,4,141,141,141,141,5,5,2,141,7,7,"c(-83.93, 34.6)",-83.93,34.6
12.350750923156738,12.449000358581543,13.417417526245117,13.861001014709473,12.499584197998047,134.7656707763672,134.7656707763672,136.79824829101562,123.42294311523438,198.86549377441406,-1.631944418,1.3641666173934937,-0.14902778,-0.435000002,0.7163888812065125,-1.566527724,1.7345833778381348,-0.664861083,-1.822777748,1.546944499015808,9,6,6,141,141,141,141,10,9,2,141,7,7,"c(-83.91, 34.71)",-83.91,34.71
17.70283317565918,17.527667999267578,18.564250946044922,18.95166778564453,17.610334396362305,99.51091766357422,99.51091766357422,79.00783539,71.70542145,127.32158660888672,-0.325138897,1.5429166555404663,-0.755138874,-1.549166679,0.5708333253860474,1.218333364,4.180416584014893,-2.253750086,-4.835277557,0.644861102,6,6,6,26,2,2,2,2,2,1,2,9,6,"c(-83.9, 32.31)",-83.9,32.31
17.953250885009766,17.72358512878418,18.65974998474121,19.031084060668945,17.982418060302734,100.0024185180664,100.0024185180664,75.95966339111328,64.67839813232422,127.19158172607422,-0.43972221,1.6402777433395386,-0.791388869,-1.878472209,0.5381944179534912,1.2148611545562744,4.331250190734863,-2.013472319,-5.069444656,0.6274999976158142,3,6,6,141,176,74,195,2,2,2,195,6,6,"c(-83.89, 32.15)",-83.89,32.15
14.378334045410156,14.519083976745605,15.322834014892578,15.781333923339844,14.336167335510254,121.43575286865234,121.43575286865234,117.58149719238281,112.1363525390625,160.20066833496094,-1.51236105,1.3883333206176758,-0.135416672,-0.504305542,0.7406944632530212,-1.493472219,2.5873610973358154,-0.431527793,-2.700972319,1.099583387374878,4,4,4,142,176,176,176,6,5,2,176,7,4,"c(-83.88, 34.49)",-83.88,34.49
19.270000457763672,18.86191749572754,19.765666961669922,19.910751342773438,19.23583412,83.46058654785156,83.46058654785156,83.35091400146484,103.72440338134766,142.4790039,-0.529444456,0.1552777737379074,-1.385277748,-0.97874999,0.3995833396911621,0.9462500214576721,0.3938888907432556,-3.687916756,-4.27583313,-0.2533333,6,6,6,142,190,190,141,4,3,2,190,9,9,"c(-83.88, 30.91)",-83.88,30.91
12.565667152404785,12.604333877563477,13.57075023651123,14.033333778381348,12.636417388916016,132.29916381835938,132.29916381835938,134.5727539,121.13529205322266,189.43600463867188,-1.415416598,1.355555534362793,-0.123055555,-0.292083323,0.909166694,-1.164861083,2.0061111450195312,-0.579583347,-1.571944475,1.942222237586975,6,6,6,141,141,141,141,13,10,2,141,7,7,"c(-83.84, 34.73)",-83.84,34.72999999999999
18.85091781616211,18.290334701538086,19.22533416748047,19.591751098632812,18.712167739868164,108.39116668701172,108.39116668701172,73.941497802734375,91.92755889892578,147.69749450683594,-0.44972223,0.8129166960716248,-1.114444375,-1.387222171,0.6359722018241882,1.2165278196334839,2.541527748,-2.865139008,-4.865972042,0.17722220718860626,6,6,6,2,2,2,2,2,2,1,2,9,6,"c(-83.79, 31.46)",-83.79,31.459999999999997
18.708417892456055,18.155166625976562,19.124418258666992,19.48458480834961,18.657251358032227,100.36083221435547,100.36083221435547,71.70600128173828,89.85441589355469,148.79550170898438,-0.46319446,0.7458333373069763,-1.211944461,-1.335833311,0.6863889098167419,1.222083330154419,2.3459722995758057,-3.258333445,-4.767916679,0.3301388919353485,6,6,6,61,61,61,2,2,2,1,50,9,6,"c(-83.75, 31.49)",-83.75,31.489999999999995
18.317251205444336,17.84341812133789,18.852500915527344,19.225250244140625,18.315000534057617,103.99358367919922,103.99358367919922,76.93499755859375,81.37233734,136.80149841308594,-0.657638907,1.2370833158493042,-0.924444437,-1.570555568,0.6547222137451172,0.8547222018241882,3.257638931274414,-2.354583263,-5.10055542,0.3743055462837219,6,6,6,142,142,142,142,4,3,1,142,9,6,"c(-83.71, 31.73)",-83.71,31.729999999999997
17.29625129699707,17.21958351135254,18.136585235595703,18.56883430480957,17.16408348083496,100.99008178710938,100.99008178710938,85.95683288574219,72.47272491455078,123.3385009765625,-0.372916669,2.0131943225860596,-0.172222227,-1.422361135,0.3945833146572113,1.4273611307144165,5.2690277099609375,-0.802222252,-4.468333244,0.18319445848464966,6,6,4,142,142,142,142,5,3,1,142,7,7,"c(-83.71, 33.02)",-83.71,33.02
16.02741813659668,16.393251419067383,17.291584014892578,17.65850067138672,16.197917938232422,101.19116973876953,101.19116973876953,90.27458190917969,91.56107330322266,127.1919174194336,-1.376250029,1.504166603088379,-0.389027774,-1.352361083,0.16874998807907104,-0.850138903,3.3602778911590576,-1.657916665,-4.428333282,-0.471527785,4,4,4,141,142,142,142,4,3,1,142,7,7,"c(-83.66, 33.9)",-83.66,33.9
13.32983398,13.483667373657227,14.267583847045898,14.762500762939453,13.340750694274902,146.48707580566406,146.48707580566406,146.82766723632812,137.5074462890625,206.74691772460938,-1.435555577,1.2913888692855835,0.022361110895872116,-0.331805557,0.8361111283302307,-1.334861159,2.5165278911590576,-0.048888892,-2.027083397,1.5266666412353516,6,6,6,141,141,141,141,5,6,2,141,7,4,"c(-83.66, 34.73)",-83.66,34.73
19.078500747680664,18.430500030517578,19.615751266479492,19.926166534423828,19.331417083740234,90.44808197021484,90.44808197021484,88.94008636,104.69976806640625,128.5279998779297,-0.313055545,0.076805554,-1.337638855,-0.896944463,0.53125,0.8147222399711609,0.28611111640930176,-3.387777805,-3.989583254,-0.061666675,6,6,6,61,142,143,141,4,3,1,142,9,9,"c(-83.6, 30.92)",-83.6,30.919999999999998
13.408166885375977,13.560084342956543,14.411334037780762,14.881916999816895,13.306500434875488,141.2965850830078,141.2965850830078,144.33392333984375,125.1420669555664,205.07492065429688,-1.607777715,0.9433333277702332,-0.069166668,-0.264722228,0.8844444751739502,-1.793611169,2.0848610401153564,-0.253472209,-1.780694485,1.5922222137451172,6,4,4,141,141,141,141,7,7,3,141,7,4,"c(-83.54, 34.72)",-83.54,34.72
18.848167419433594,18.259416580200195,19.22391700744629,19.62866783,18.784751892089844,86.15274810791016,86.15274810791016,71.40399932861328,103.76346588134766,136.71542358398438,-0.323194444,0.7281944155693054,-1.240694404,-0.898611128,1.1344444751739502,1.2281944751739502,1.7286111116409302,-3.226527691,-3.788472176,1.7998610734939575,6,6,9,142,142,142,142,2,2,1,142,11,9,"c(-83.53, 31.43)",-83.53,31.429999999999996
17.917251586914062,17.808250427246094,18.865501403808594,19.179250717163086,18.224084854125977,91.89066314697266,91.89066314697266,81.98883056640625,71.67169189453125,134.04916381835938,-0.263055563,1.3480556011199951,-1.150694489,-1.641388893,0.7944444417953491,0.9169444441795349,3.442638874053955,-3.105000019,-5.099722385,0.93416667,7,4,4,190,190,190,190,5,4,2,190,7,4,"c(-83.5, 32.36)",-83.5,32.36
17.66866683959961,17.52308464050293,18.51966667175293,18.92158317565918,17.652833938598633,91.09783172607422,91.09783172607422,83.57716369628906,69.238372802734375,144.01158142089844,-0.302777767,1.265694499015808,-1.265972257,-1.644583344,0.7705555558204651,0.9451388716697693,3.3694443702697754,-3.203888893,-5.10722208,0.9116666316986084,6,4,4,142,142,142,141,4,3,1,190,7,7,"c(-83.48, 32.52)",-83.48,32.52
18.577417373657227,18.097917556762695,19.106666564941406,19.468502044677734,18.67441749572754,102.05508422851562,102.05508422851562,73.78424835205078,95.43753814697266,136.6302490234375,-0.451805562,1.1126388311386108,-1.063472152,-1.24888885,0.9548611044883728,1.0623611211776733,3.1634721755981445,-2.606527805,-4.254444599,1.2972222566604614,6,6,6,1,10,1,2,2,2,2,10,9,9,"c(-83.45, 31.57)",-83.45,31.57
18.74358367919922,18.08933448791504,19.153751373291016,19.564416885375977,18.711917877197266,91.820831298828125,91.820831298828125,73.11433410644531,107.87411499023438,132.55650329589844,-0.34375,0.84819442,-1.306666613,-0.968333304,1.016944408416748,1.1163889169692993,2.2413887977600098,-3.302777767,-3.808888912,1.6066666841506958,6,6,9,122,122,122,122,2,2,1,122,9,9,"c(-83.43, 31.43)",-83.43,31.429999999999996
15.009834289550781,15.326167106628418,16.14058494567871,16.58191680908203,15.179083824157715,95.27600098,95.27600098,99.20916748046875,99.36472321,171.14883422851562,-1.424305558,1.1865277290344238,-0.558472216,-0.69305557,0.9052777290344238,-0.838888884,2.4051389694213867,-2.201388836,-3.139722347,1.125416636,4,4,4,141,176,176,176,10,7,2,176,7,7,"c(-83.41, 34.5)",-83.41,34.5
16.979084014892578,16.965417861938477,18.06333351135254,18.638751983642578,17.194250106811523,104.0129165649414,104.0129165649414,71.71833038330078,75.28050994873047,143.64633178710938,-0.405000001,1.8527777194976807,-0.556666672,-1.735694408,0.7180555462837219,1.1936111450195312,4.532916546,-1.521805525,-5.210138798,0.8226389288902283,6,4,4,142,142,142,142,6,4,1,142,7,4,"c(-83.4, 33.06)",-83.4,33.059999999999995
17.957918167114258,17.733917236328125,18.774751663208008,19.179834365844727,18.16699981689453,85.747833251953125,85.747833251953125,77.20649719238281,75.19282531738281,125.35016632080078,-0.447916657,1.1313889026641846,-1.391388893,-1.620694399,0.8197222352027893,0.6708333492279053,2.621527671813965,-3.255833387,-5.178194523,0.988194466,4,4,4,142,141,74,142,4,3,1,142,7,4,"c(-83.34, 32.12)",-83.34,32.120000000000005
18.33850098,17.970083236694336,18.836000442504883,19.227001190185547,18.44066811,85.924835205078125,85.924835205078125,76.47416687011719,82.94039154052734,125.22791290283203,-0.665416658,1.0744444131851196,-1.393055558,-1.399166584,0.9729166626930237,0.93138885498046875,2.447777748,-3.292500019,-4.859861374,1.3561111688613892,6,6,6,1,10,1,1,2,2,1,1,9,6,"c(-83.32, 31.96)",-83.32,31.960000000000008
18.30233383178711,17.930084228515625,18.79400062561035,19.133167266845703,18.413833618164062,90.01924896240234,90.01924896240234,77.65216827392578,74.293060302734375,126.17341613769531,-0.619166672,1.0361111164093018,-1.334999919,-1.413611054,0.9636111259460449,0.971666694,2.5048611164093018,-3.257222176,-4.914027691,1.3544445037841797,6,6,6,74,176,176,63,2,2,1,5,9,6,"c(-83.31, 31.91)",-83.31,31.91
18.95941734313965,18.362001419067383,19.401084899902344,19.817916870117188,19.220500946044922,85.54716491699219,85.54716491699219,92.49883270263672,84.67497253417969,116.81632995605469,-0.529999971,0.32152777910232544,-1.451111078,-0.876666665,0.5583333373069763,0.5899999737739563,0.851805568,-3.320833206,-3.796388865,0.6575000286102295,6,6,9,142,142,142,142,3,3,1,142,11,9,"c(-83.21, 31.24)",-83.21,31.24
18.95941734313965,18.362001419067383,19.401084899902344,19.817916870117188,19.220500946044922,85.54716491699219,85.54716491699219,92.49883270263672,84.67497253417969,116.81632995605469,-0.529999971,0.32152777910232544,-1.451111078,-0.876666665,0.5583333373069763,0.5899999737739563,0.851805568,-3.320833206,-3.796388865,0.6575000286102295,6,6,9,142,142,190,190,4,4,1,142,9,9,"c(-83.2, 31.26)",-83.2,31.26
18.45683479309082,18.00425148010254,18.999584197998047,19.53958511352539,18.91858482,97.19183349609375,97.19183349609375,68.03708649,88.35173034667969,136.3328399658203,-0.458472222,1.201527714729309,-1.251527786,-1.278194427,0.7840277552604675,0.8700000047683716,3.2049999237060547,-2.828749895,-4.387639046,1.0965278148651123,6,6,6,2,2,2,10,3,2,1,2,9,9,"c(-83.2, 31.63)",-83.2,31.63
15.471334457397461,15.695000648498535,16.62933349609375,17.048917770385742,15.578417778015137,105.00858306884766,105.00858306884766,93.20649719238281,85.80854034423828,152.3040771484375,-1.074999928,1.639444351196289,-0.271666676,-0.946111083,0.6280555725097656,-0.691527784,3.6902778148651123,-0.926666677,-3.539722204,0.6541666388511658,4,4,4,141,141,141,141,3,2,1,141,7,4,"c(-83.17, 34.31)",-83.17,34.31
19.00191879272461,18.399084091186523,19.45341682434082,19.841333389282227,19.257583618164062,92.07466888427734,92.07466888427734,96.796417236328125,85.67531586,114.06449890136719,-0.463611096,0.5306944251060486,-1.008333325,-0.782083333,0.5337499976158142,0.7009721994400024,1.4583333730697632,-2.807222128,-3.530138969,0.6586111187934875,6,6,9,122,122,122,122,2,2,1,121,9,9,"c(-83.1, 31.19)",-83.1,31.189999999999994
18.670333862304688,18.13741683959961,19.140167236328125,19.512500762939453,18.873416900634766,89.457000732421875,89.457000732421875,73.86582946777344,95.93949890136719,127.22850036621094,-0.415555537,0.5483333468437195,-1.367083311,-1.099027753,0.5879166722297668,1.0702778100967407,1.5152777433395386,-3.336805582,-4.154583454,0.7929166555404663,6,6,6,2,2,10,2,2,2,1,2,9,9,"c(-83.07, 31.43)",-83.07,31.429999999999996
17.867000579833984,17.566917419433594,18.666500091552734,19.092166900634766,18.192834854125977,98.09532928466797,98.09532928466797,85.22125244140625,82.537384033203125,120.33916473388672,-0.382361114,1.5601388216018677,-1.03902781,-1.570694447,0.7793055176734924,0.8629166483879089,3.7318055629730225,-2.396111012,-4.715555668,1.1687500476837158,6,6,6,142,190,142,190,4,3,1,190,9,6,"c(-82.91, 32.19)",-82.91,32.190000000000005
18.92041778564453,18.37350082397461,19.38483428955078,19.659500122070312,19.11083412,93.97058105,93.97058105,89.17749786376953,96.16520690917969,116.0538330078125,-0.41291666,0.7372221946716309,-0.5223611,-0.686250031,0.5368055701255798,0.8616666793823242,2.224583387374878,-1.814305544,-3.175416708,0.9411110877990723,6,6,9,2,2,2,2,3,3,1,10,11,9,"c(-82.84, 31.34)",-82.84,31.340000000000003
14.879000663757324,15.006333351135254,15.845417022705078,16.23116683959961,14.995000839233398,86.73583221435547,86.73583221435547,90.48191833496094,83.30195617675781,127.22091674804688,-1.213055491,1.3104166984558105,-0.58708334,-1.124583364,0.40666666626930237,0.55805558,3.0586111545562744,-2.160000086,-3.911944389,0.3119444251060486,4,4,4,37,176,176,176,2,2,1,176,7,4,"c(-82.81, 34.05)",-82.81,34.05
18.33475112915039,18.09633445739746,19.17766761779785,19.539417266845703,18.56941795349121,101.69541931152344,101.69541931152344,76.06291961669922,91.56639862060547,135.28224182128906,-0.109999999,1.297361135482788,-0.996527731,-1.218194366,0.5566666722297668,1.7401388883590698,3.3043055534362793,-2.24333334,-4.01888895,0.8536111116409302,6,6,6,2,10,2,2,2,2,1,2,9,9,"c(-82.63, 31.81)",-82.63,31.81
18.329668045043945,18.118083953857422,19.141834259033203,19.434001922607422,18.399667739868164,96.43083190917969,96.43083190917969,91.20967102050781,83.375701904296875,117.0739974975586,-0.153611109,1.4718055725097656,-0.87055558,-1.324027777,0.8273611068725586,0.8297222256660461,3.5847222805023193,-2.17861104,-4.489027977,1.1065278053283691,6,6,6,2,142,190,142,2,2,1,190,9,6,"c(-82.61, 32.24)",-82.61,32.24
18.329668045043945,18.118083953857422,19.141834259033203,19.434001922607422,18.399667739868164,96.43083190917969,96.43083190917969,91.20967102050781,83.375701904296875,117.0739974975586,-0.170416668,1.4486111402511597,-0.813750029,-1.336666703,0.8255555629730225,0.8362500071525574,3.495972156524658,-2.091944456,-4.418055534,1.1819443702697754,6,6,6,142,142,142,142,2,2,1,142,9,6,"c(-82.59, 32.25)",-82.59,32.25
19.407917022705078,18.552583694458008,19.503583908081055,19.896583557128906,19.61600112915039,91.0739975,91.0739975,87.75416564941406,98.66858673095703,114.64458465576172,-0.151250005,0.39277777075767517,-1.107916713,-0.394444436,0.41361111402511597,1.1320832967758179,1.0494444370269775,-2.969444513,-2.670138836,0.8180555701255798,9,9,9,142,142,152,176,3,4,2,152,11,9,"c(-82.48, 31.23)",-82.48,31.230000000000004
18.309083938598633,18.02883529663086,19.16425132751465,19.257417678833008,18.03849983215332,105.3169174194336,105.3169174194336,80.93091583251953,89.49616241455078,126.48983001708984,-0.345555544,1.4945833683013916,-0.669861138,-1.504999995,0.7716666460037231,0.49513888359069824,3.4301388263702393,-1.675416708,-4.438194275,1.2898610830307007,6,6,6,61,61,176,176,6,4,1,61,9,6,"c(-82.45, 32.57)",-82.45,32.57000000000001
16.45850182,16.48375129699707,17.47308349609375,17.986499786376953,16.480501174926758,98.04808044433594,98.04808044433594,75.32324981689453,76.92737579345703,124.80133056640625,-1.003888845,1.0423611402511597,-0.776666641,-1.652777791,0.2701388895511627,0.38152778148651123,2.7986111640930176,-2.683749914,-5.088472366,-0.561666667,6,4,4,142,142,142,142,5,2,1,142,7,7,"c(-82.44, 33.72)",-82.44,33.720000000000006
18.30225182,18.09366798400879,19.066083908081055,19.287918090820312,18.171751022338867,104.28675079345703,104.28675079345703,82.01316833496094,86.09873962402344,110.0703353881836,-0.330833346,1.3540277481079102,-0.915555537,-1.448611021,0.7452777624130249,0.5045833587646484,3.104722261428833,-2.269166708,-4.446388721,1.0218055248260498,6,6,6,142,152,152,176,2,2,1,152,9,6,"c(-82.44, 32.41)",-82.44,32.41
19.123167037963867,18.45708465576172,19.556333541870117,19.901334762573242,19.41916847229004,90.77549743652344,90.77549743652344,81.78025055,91.67498016357422,118.9489974975586,-0.12055555,0.3043055534362793,-1.509305596,-0.62277776,0.4498611092567444,1.2283333539962769,0.8052777647972107,-3.545833349,-3.361527681,0.5787500143051147,6,6,6,121,121,121,121,2,2,1,121,11,9,"c(-82.39, 31.41)",-82.39,31.409999999999993
17.831666946411133,17.595500946044922,18.869335174560547,18.895917892456055,17.49275016784668,107.27733612060547,107.27733612060547,80.92266845703125,89.28260803222656,132.7955780029297,-0.311111122,1.2418055534362793,-0.997361124,-1.497916579,0.8972222208976746,0.5202777981758118,2.7893054485321045,-2.926111221,-4.759860992,1.3476388454437256,6,6,6,142,142,142,176,4,2,1,152,9,6,"c(-82.35, 32.72)",-82.35,32.72
18.701499938964844,18.238834381103516,19.419668197631836,19.768083572387695,18.96233367919922,86.492584228515625,86.492584228515625,81.88991547,92.97435760498047,131.12074279785156,-0.159722224,0.573888898,-1.547500014,-0.856388867,0.47958332300186157,1.2834721803665161,1.386388897895813,-3.614722252,-3.785000086,0.6973611116409302,6,6,6,190,195,195,176,2,2,1,190,9,6,"c(-82.32, 31.6)",-82.32,31.6
19.27808380126953,18.545583724975586,19.75800132751465,19.872501373291016,19.63916778564453,98.66542053222656,98.66542053222656,87.688079833984375,98.29428864,142.13099670410156,-0.067777775,0.3293055593967438,-1.425694466,-0.483333319,0.47458332777023315,1.1168055534362793,0.6245833039283752,-3.349722147,-2.851527691,0.7673611044883728,9,9,9,142,142,142,142,4,3,2,190,11,11,"c(-82.32, 31.3)",-82.32,31.3
18.500667572021484,18.347000122070312,19.358667373657227,19.698833465576172,18.59658432006836,95.67741394042969,95.67741394042969,79.77891540527344,88.18370819091797,126.09024810791016,-0.078333333,1.0370832681655884,-1.297916651,-1.315555573,0.5840277671813965,1.4131944179534912,2.336250066757202,-3.242500067,-4.508611202,0.48569443821907043,6,6,6,2,10,2,2,3,3,1,2,9,6,"c(-82.3, 32)",-82.3,32
18.745834350585938,18.172334671020508,19.401334762573242,19.806001663208008,19.07058334350586,84.41608428955078,84.41608428955078,81.8560791,104.86491394042969,124.53700256347656,-0.154583335,0.15569445490837097,-1.673750043,-0.61500001,0.425555557,0.9895833134651184,0.6384721994400024,-3.605555534,-3.429444551,0.5008333325386047,6,6,9,142,176,152,63,2,2,2,152,9,9,"c(-82.25, 31.49)",-82.25,31.489999999999995
19.58875084,18.761751174926758,19.822166442871094,20.24683380126953,19.690500259399414,86.03516387939453,86.03516387939453,89.14624786376953,111.90701293945312,110.2880859,-0.091249995,0.1490277796983719,-1.387499928,-0.033611111,0.3652777671813965,0.6576389074325562,0.7202777862548828,-3.495555639,-2.625416756,0.2762500047683716,9,9,9,195,195,195,190,10,10,6,190,9,9,"c(-82.15, 30.96)",-82.15,30.959999999999994
18.146751403808594,17.921751022338867,18.88683319091797,18.970584869384766,17.896167755126953,92.91908264160156,92.91908264160156,76.04966735839844,79.53138732910156,123.01200103759766,-0.391111106,1.0804166793823242,-1.017222166,-1.402083278,0.8972222208976746,0.11652777343988419,2.3713889122009277,-2.770416737,-4.495277882,1.5631945133209229,6,6,6,190,190,190,141,2,2,1,190,9,6,"c(-82.08, 32.66)",-82.08,32.66
18.835416793823242,18.622833251953125,19.45050048828125,19.55058479309082,18.596834182739258,83.90191650390625,83.90191650390625,83.60224914550781,95.26435852050781,131.3423309326172,-0.405972213,1.0543055534362793,-1.324722171,-1.211249948,0.7430555820465088,0.23666666448116302,2.0280556678771973,-3.194722176,-4.385972023,1.0741666555404663,6,6,6,190,190,190,141,4,2,1,190,9,6,"c(-82.05, 32.43)",-82.05,32.43
19.34433364868164,18.501916885375977,19.50633430480957,19.988834381103516,19.299667358398438,84.16308594,84.16308594,83.72166442871094,113.26705932617188,116.96558380126953,-0.084166668,0.15416666865348816,-1.393749952,-0.107222222,0.3247222304344177,0.62833333,0.38680556416511536,-3.589305639,-2.492222309,0.068611108,6,9,9,190,190,190,190,9,7,6,190,9,9,"c(-81.99, 31.02)",-81.99,31.02
18.315500259399414,17.96758460998535,18.882835388183594,18.882417678833008,17.991416931152344,98.52183532714844,98.52183532714844,73.75233459472656,85.60515594482422,128.03399658203125,-0.42750001,1.243333339691162,-0.948194444,-1.256805539,0.8812500238418579,-0.221111104,2.745694398880005,-2.326111078,-4.351388931,1.378333330154419,6,6,6,142,142,142,143,2,2,1,142,9,6,"c(-81.87, 32.54)",-81.87,32.54
18.315500259399414,17.96758460998535,18.882835388183594,18.882417678833008,17.991416931152344,98.52183532714844,98.52183532714844,73.75233459472656,85.60515594482422,128.03399658203125,-0.42750001,1.243333339691162,-0.948194444,-1.256805539,0.8812500238418579,-0.221111104,2.745694398880005,-2.326111078,-4.351388931,1.378333330154419,6,6,6,37,37,2,176,2,2,1,61,9,6,"c(-81.86, 32.56)",-81.86,32.559999999999995
18.18283462524414,17.93658447265625,18.858417510986328,18.82541847229004,17.970916748046875,93.32483673095703,93.32483673095703,65.49858093261719,90.05883026123047,127.08866882324219,-0.470694453,0.9193055629730225,-0.940972209,-1.3125,0.9522222280502319,-0.62611109,2.068333387374878,-2.504305601,-4.432777882,1.6147222518920898,6,6,6,190,190,190,141,5,3,1,190,9,6,"c(-81.85, 32.72)",-81.85,32.72
18.082334518432617,17.868833541870117,18.795167922973633,18.723834991455078,17.905250549316406,96.05216979980469,96.05216979980469,67.29174805,91.826324462890625,125.41100311279297,-0.475972205,0.8218055367469788,-1.05583334,-1.294444442,0.9897221922874451,-0.644166648,1.6215277910232544,-2.927639008,-4.311388969,1.785416603088379,6,6,6,142,142,142,142,5,3,2,142,9,6,"c(-81.83, 32.76)",-81.83,32.76
18.082334518432617,17.868833541870117,18.795167922973633,18.723834991455078,17.905250549316406,96.05216979980469,96.05216979980469,67.29174805,91.826324462890625,125.41100311279297,-0.462361097,0.8972222208976746,-0.912638843,-1.301527739,0.9384722113609314,-0.649305582,1.863194465637207,-2.510277748,-4.26347208,1.7168055772781372,6,6,6,142,61,1,176,2,2,1,61,9,6,"c(-81.82, 32.75)",-81.82,32.75000000000001
19.270084381103516,18.484834671020508,19.498334884643555,19.70775032043457,19.090167999267578,85.49983215332031,85.49983215332031,82.00382995605469,125.35035705566406,112.32566833496094,-0.19138889,-0.067222223,-1.7790277,-0.208194435,0.23208333551883698,0.6725000143051147,-0.089166664,-4.19958353,-3.164583445,-0.973888874,6,6,6,190,142,142,142,5,3,1,190,9,9,"c(-81.79, 30.93)",-81.79,30.929999999999996
18.905418395996094,18.423084259033203,19.279251098632812,19.352750778198242,18.446001052856445,87.21299743652344,87.21299743652344,67.61066436767578,84.77012634277344,106.18949890136719,-0.433611125,1.1484721899032593,-1.143888831,-1.282777786,0.6127777695655823,0.078749999,2.312361001968384,-3.079305649,-4.455138683,0.7159722447395325,6,6,6,2,142,190,190,2,2,1,1,9,6,"c(-81.74, 32.34)",-81.74,32.34000000000001
19.092334747314453,18.27833366394043,19.29541778564453,19.708168029785156,19.000917434692383,82.99541473388672,82.99541473388672,93.97708892822266,127.60941314697266,116.65650177001953,-0.204722226,-0.192638889,-1.883055568,-0.34597224,0.20125000178813934,0.058333337,-0.089444444,-4.410416603,-3.519999981,-1.06472218,6,6,6,142,142,142,176,25,25,24,152,9,9,"c(-81.73, 31.14)",-81.73,31.14000000000001
18.89641761779785,18.18366813659668,19.210250854492188,19.689666748046875,18.841001510620117,85.84600067138672,85.84600067138672,79.89324951171875,99.68170166015625,106.63941955566406,-0.131527781,0.085833333,-1.664583325,-0.471111119,0.3812499940395355,0.3673611283302307,0.23055554926395416,-3.758333445,-2.936249971,0.010694440454244614,9,9,11,142,142,142,142,9,8,2,190,11,11,"c(-81.72, 31.48)",-81.72,31.48
18.945167541503906,18.179834365844727,19.16783332824707,19.65941811,18.87841797,83.07508087158203,83.07508087158203,94.40882873535156,102.73690795898438,111.93658447265625,-0.09402778,0.011249999515712261,-1.783888817,-0.44194445,0.39444443583488464,0.46486109495162964,0.1956944465637207,-4.015277863,-3.021666765,0.071805559,9,9,9,142,142,142,142,4,4,1,190,11,11,"c(-81.71, 31.4)",-81.71,31.4