temp_09.tif,temp_10.tif,temp_11.tif,temp_12.tif,temp_13.tif,prep_09.tif,prep_10.tif,prep_11.tif,prep_12.tif,prep_13.tif,spi_09,spi_10,spi_11,spi_12,spi_13,di_09,di_10,di_11,di_12,di_13,st_200_e,st_100_e,st_60_e,cl_13_e,cl_12_e,cl_11_e,cl_10_e,soc_0.tif,soc_10.tif,soc_30.tif,cl_09,st_0,st_30_e,total_carb,organic_ca,ra_ca_id,date,datafrom,so_cstock5,so_cstock30,so_cstock100,geometry
14.74050045,14.62675095,15.06433392,15.72116756,14.23050022,98.7322464,98.7322464,128.781662,104.9983749,153.0924225,-1.346111059,0.733611107,-0.298194438,0.025694445,0.657083333,-0.825694442,1.200277805,-1.78347218,-1.982777834,0.578194439,4,4,4,37,176,176,176,6,4,2,37,7,7,NA,NA,C1807P20,2012,raca,19.81274745,35.42174292,54.76519753,"c(-85.31, 34.41)"
15.01733398,15.31683445,15.87208366,16.45066833,14.96508408,95.57575226,95.57575226,102.0755005,89.99468231,141.4956665,-1.157361031,1.276944399,-0.9375,-1.030833364,0.477083355,0.245000005,2.26555562,-3.369166613,-4.711805344,-0.492361099,4,4,4,141,141,142,142,6,4,2,141,8,7,NA,NA,C1401F20,2012,raca,78.48621817,143.3303149,157.4534162,"c(-85.3, 33.62)"
15.04825115,15.26533413,15.83700085,16.42075157,15.11758423,97.68482971,97.68482971,94.92883301,97.74676514,140.4641724,-1.211527705,1.307361126,-0.697222233,-0.877499998,0.57361114,0.426666677,3.075694561,-2.604583263,-3.974166632,-0.028888885,4,4,4,141,142,152,152,5,4,1,1,7,7,NA,NA,C1401F31,2012,raca,97.64551646,155.3921752,160.1866241,"c(-85.26, 33.34)"
15.18158436,15.30308437,15.8601675,16.46050072,14.51875019,103.1454163,103.1454163,136.6162567,102.9134598,146.7501678,-1.125972152,0.929305553,0.578333318,0.693611085,1.33930552,-1.000138879,1.810138941,0.50666666,-0.437361121,2.005416632,4,4,4,37,37,37,37,3,3,1,176,8,7,NA,NA,C1806P13,2012,raca,13.56012217,47.73953578,150.4767158,"c(-85.26, 34.86)"
15.11266708,15.44116688,15.82516766,16.51016808,15.16808414,93.89450073,93.89450073,99.1238327,89.78994751,150.5005035,-1.221388817,1.240694523,-0.912083328,-1.025555611,0.433472216,-0.381111115,2.269583225,-3.241250038,-4.700416565,-0.337916672,7,4,4,121,121,121,121,8,4,1,121,7,4,NA,NA,C1401F05,2012,raca,93.39667848,154.4570912,159.8718735,"c(-85.26, 33.74)"
14.99216747,15.29591751,15.69291782,16.44825172,15.1505003,91.63783264,91.63783264,102.9766617,91.15487671,154.6919098,-1.221388817,1.240694523,-0.912083328,-1.025555611,0.433472216,-0.381111115,2.269583225,-3.241250038,-4.700416565,-0.337916672,4,4,4,141,141,141,141,5,3,2,141,7,7,NA,NA,C1401F09,2012,raca,9.510672851,24.98424024,33.59175014,"c(-85.25, 33.78)"
15.71025085,15.52350044,15.87200069,16.71100044,15.10491753,94.00299835,94.00299835,112.4314194,94.28649902,145.8910065,-1.420138836,0.775416672,-0.531944454,-0.556249976,0.415694445,-0.942638874,1.459166646,-2.276666641,-3.235694408,0.019166676,4,4,4,122,122,122,122,4,3,1,122,7,7,NA,NA,C1808W05,2012,raca,16.18359556,49.82240616,59.67800487,"c(-85.24, 34.26)"
15.34266758,15.5324173,16.12650108,16.77266693,15.4072504,101.3863373,101.3863373,95.23458099,98.27406311,137.8700867,-1.190555573,1.475694418,-0.475833327,-0.959027767,0.459444433,-0.236249998,3.396527767,-1.797083378,-4.06791687,-0.359722227,4,4,4,142,142,142,142,4,3,2,142,7,7,NA,NA,C1407P10,2012,raca,29.09540872,72.64171052,101.1045776,"c(-85.23, 33.37)"
15.23541737,15.26691723,15.75141716,16.83125114,15.26591778,95.31816864,95.31816864,106.6680832,82.91770172,152.8587494,-1.343611121,0.995694458,-0.645277798,-0.844166636,0.225138888,-0.738611102,1.855694413,-2.754444361,-4.283888817,-0.765555561,4,4,4,143,143,142,142,3,2,1,141,8,7,NA,NA,C1808W04,2012,raca,17.5790343,70.28447881,138.0815475,"c(-85.18, 34.06)"
15.23891735,15.46008396,15.88033485,16.70733452,15.32158375,88.03941345,88.03941345,105.8924179,82.40126801,145.2035828,-1.262499928,1.228611112,-0.971666694,-1.004583359,0.378749996,-0.514444411,2.110416651,-3.340972185,-4.634444237,-0.454444438,4,4,4,141,141,141,141,8,6,3,141,7,4,NA,NA,C1401P17,2012,raca,18.30395966,80.52549098,84.91128239,"c(-85.16, 33.78)"
15.14166737,15.26758385,15.9481678,16.67833328,14.78233433,95.61891174,95.61891174,131.620163,97.5978241,152.1868286,-1.290555477,0.65736109,0.183750004,0.53013891,0.911666691,-1.524444461,0.893472254,-0.023194445,-0.734027803,1.217777729,4,4,4,141,141,141,141,6,6,2,141,7,7,NA,NA,C1801F24,2012,raca,21.87972857,32.22715815,36.27304176,"c(-85.13, 34.81)"
15.45450115,15.60508442,16.20783424,16.94833374,15.53208351,105.2295837,105.2295837,94.61066437,92.67597961,135.4302521,-1.188194394,1.535277724,-0.4286111,-0.924861073,0.38277778,-0.298055559,3.414027691,-1.630277753,-4.026389122,-0.417916656,4,4,4,141,141,141,141,5,4,1,141,7,7,NA,NA,C1401F28,2012,raca,12.58347807,53.6838058,58.07790685,"c(-85.12, 33.48)"
15.17375088,15.31000042,16.0510006,16.82208443,14.88358402,100.0246658,100.0246658,130.7973328,100.6926346,153.8254242,-1.431249976,0.773333311,-0.259444445,0.060555551,0.792777777,-1.658611059,1.351111054,-1.504305601,-1.28347218,1.107222199,1,4,4,142,142,142,142,5,3,1,142,8,4,NA,NA,C1807F73,2012,raca,9.812220024,30.36373932,56.87465364,"c(-85.07, 34.73)"
18.70375061,18.25183487,19.16425133,19.60683441,18.58033371,91.16799927,91.16799927,77.36975098,86.8282547,155.5756683,-0.094722226,1.017777801,-1.635555506,-1.49444437,0.566527784,1.846666694,2.091388941,-4.284583569,-5.375,-0.403611124,4,4,4,143,141,142,141,7,5,4,190,7,4,NA,NA,C1509W01,2012,raca,7.463631008,28.18235219,47.39351782,"c(-85.06, 31.47)"
14.93575096,14.84383392,15.6091671,16.4438343,14.7966671,90.76074982,90.76074982,119.8655853,101.1659775,159.7779999,-1.42527771,0.698055565,-0.436666667,-0.191111118,0.71875,-1.446249962,1.407777786,-1.903194427,-2.270833254,0.969027758,4,4,4,141,142,143,142,3,2,1,142,8,4,NA,NA,C1810P07,2012,raca,23.22998671,56.80521063,72.07434034,"c(-84.99, 34.58)"
15.00550079,14.88508415,15.62866783,16.49900055,14.86216736,86.80716705,86.80716705,118.850502,96.67330933,155.1751709,-1.433194399,0.609444439,-0.610833347,-0.386388898,0.633333325,-1.160277724,0.963611126,-2.325138807,-2.697916746,0.911249995,4,4,4,121,121,121,121,2,2,1,121,7,7,NA,NA,C1810W03,2012,raca,17.49611609,48.48243331,125.6128901,"c(-84.95, 34.47)"
14.91791725,14.826334,15.62708378,16.48825073,14.83791733,93.03166199,93.03166199,121.1414185,102.1743393,158.4422455,-1.526527762,0.573194444,-0.417083323,-0.178194448,0.748472214,-1.426805496,1.398194432,-1.681805491,-2.111527681,1.217499971,4,4,4,143,152,152,152,2,2,1,176,8,7,NA,NA,C1801F22,2012,raca,106.3883866,132.2295181,132.2295181,"c(-84.94, 34.62)"
17.85741806,17.68250084,18.67650032,19.11566734,18.01450157,92.5929184,92.5929184,83.71091461,95.48553467,147.0299225,-0.076944441,1.409027696,-1.587499976,-1.550138831,0.503750026,2.364166737,3.138472319,-4.107638836,-5.561110973,-0.756805539,6,6,6,61,176,61,61,3,2,1,61,9,6,NA,NA,C1509F18,2012,raca,11.68878127,29.01417077,50.19598371,"c(-84.87, 31.84)"
20.40408325,19.36225128,19.93200111,20.23083496,19.36741829,98.53433228,98.53433228,93.62408447,100.2802658,161.636673,-0.344166666,0.481527776,-1.589027762,-1.11611104,0.367638886,0.259444445,-0.067638889,-4.046249866,-4.633749962,-0.7901389,6,6,6,1,10,1,2,2,2,1,2,9,6,NA,NA,C1507C08,2012,raca,6.30390763,22.23233148,41.89970129,"c(-84.84, 31.05)"
20.58300018,19.46116829,20.08625031,20.41625023,19.55808449,103.3351669,103.3351669,79.03649902,102.5382004,150.8539124,-0.382638901,0.510555565,-1.43638885,-1.207083344,0.369722217,0.676805556,0.676527798,-3.577500105,-4.420138836,-0.749722183,6,6,6,37,176,142,176,3,4,2,176,9,6,NA,NA,C1507F35,2012,raca,30.41733341,65.20331152,82.18926288,"c(-84.83, 30.94)"
15.69608402,15.77108383,16.44675064,17.23725128,15.60450077,91.57575226,91.57575226,98.79650116,76.07434845,137.9165039,-1.399027705,1.341388941,-0.857083321,-1.042083383,0.039999992,-1.008749962,2.71319437,-2.995833397,-4.416527748,-0.79124999,4,4,4,142,142,142,141,6,4,1,142,7,4,NA,NA,C1401F43,2012,raca,36.14751925,58.15876119,66.08019154,"c(-84.8, 33.75)"
17.59683418,17.54675102,18.48083496,18.99616814,17.83033371,85.89875031,85.89875031,85.18250275,89.19127655,136.8888245,-0.447916657,1.28458333,-1.002083302,-1.067083359,0.600000024,2.095138788,3.249305487,-3.112083435,-4.450833321,0.301527768,6,6,6,142,142,142,142,4,2,1,142,9,6,NA,NA,F1509R04,2012,raca,15.1684098,46.92686796,65.96141428,"c(-84.77, 32.37)"
20.42925072,19.32825089,20.10141754,20.48800087,19.66366768,106.4783325,106.4783325,76.78900146,107.3728256,146.7871704,-0.387500018,0.5088889,-1.429583311,-1.181527734,0.295833319,0.699166656,0.742638886,-3.556805611,-4.445000172,-0.83708334,6,6,6,2,1,2,10,2,2,1,1,9,9,NA,NA,C1507R05,2012,raca,8.331917417,35.93281584,53.63230778,"c(-84.77, 30.96)"
19.78116798,18.84008408,19.72458458,20.10783386,19.3120842,96.24424744,96.24424744,86.30233765,98.77281189,153.5438385,-0.399722219,0.289305568,-1.782777786,-1.186805487,0.213611111,0.571527779,-0.144999996,-4.084305763,-4.732361317,-1.028888822,6,6,6,2,10,2,2,2,2,1,10,9,6,NA,NA,C1507C03,2012,raca,4.616743464,27.70046078,42.13859662,"c(-84.75, 31.07)"
18.75900078,18.32741737,19.2179184,19.5292511,18.64116859,77.79724884,77.79724884,82.00983429,100.7323685,161.7460022,-0.302361131,0.360972226,-1.95763886,-1.370972157,0.463888884,1.277083397,0.413888901,-4.616805553,-5.264027596,-0.657777786,6,6,6,122,122,122,122,3,2,1,10,9,6,NA,NA,C1507C04,2012,raca,4.111273227,24.66763936,43.34128044,"c(-84.72, 31.33)"
15.63266754,15.72208405,16.44425011,17.14575195,15.46658421,91.89441681,91.89441681,100.2645798,78.73677826,135.3025055,-1.305277705,1.363749981,-0.644583344,-1.133749962,0.140833318,-0.782500029,2.717361212,-2.568472147,-4.602499962,-0.558750033,4,4,4,141,141,141,141,5,3,1,141,7,4,NA,NA,C1401F29,2012,raca,169.8121026,182.6322034,184.7264876,"c(-84.65, 34.09)"
19.17266655,18.49950027,19.37233353,19.77125168,18.96150017,92.09441376,92.09441376,83.65142059,93.55778503,158.2637482,-0.378055573,0.275138885,-1.847499967,-1.396666646,0.317916662,0.883472204,0.202083334,-4.33138895,-5.24444437,-1.01111114,6,6,6,225,225,10,2,3,2,1,1,9,6,NA,NA,C1507C07,2012,raca,2.777755419,16.66653252,36.34447079,"c(-84.65, 31.22)"
14.69008446,14.63575077,15.32883453,16.0790844,14.51141739,96.40558624,96.40558624,124.3320007,101.3511734,151.2720795,-1.32486105,0.958472252,-0.436250001,-0.646111131,0.530555546,-0.526111126,1.889583349,-1.996250033,-3.283888817,0.909861088,6,4,4,141,176,141,141,4,3,2,141,7,4,NA,NA,C1802P08,2012,raca,21.01436212,55.66301001,125.7469523,"c(-84.62, 34.39)"
19.55941772,18.65491676,19.6032505,20.08175087,19.32983398,99.13141632,99.13141632,80.5530014,93.83831024,148.5531616,-0.364444435,0.354722232,-1.726944447,-1.326111078,0.234444439,0.787777781,0.268333346,-3.85041666,-4.764444351,-0.943472207,6,6,6,10,225,2,2,2,2,2,10,9,9,NA,NA,C1507C01,2012,raca,4.925449673,29.55269804,52.31693727,"c(-84.61, 31.09)"
18.84225082,18.3480835,19.22958374,19.55350113,18.73900032,87.88791656,87.88791656,78.24066925,102.0414581,158.4594116,-0.383194447,0.426944435,-1.760972142,-1.420972228,0.33263889,1.019166708,0.629722238,-4.262639046,-5.310416698,-1.001805544,6,6,6,10,1,10,2,2,2,1,2,9,6,NA,NA,C1510C03,2012,raca,7.406276803,37.39100078,58.50049004,"c(-84.61, 31.27)"
14.12866783,14.03483391,14.6896677,15.34975052,13.76241684,86.58166504,86.58166504,117.0733337,102.7949066,168.2702484,-1.314444423,0.335694462,-0.780555546,-0.509722233,0.555555522,-0.800833344,0.44527778,-2.722361088,-3.241944313,0.586944461,6,4,4,141,141,141,141,7,5,1,141,7,7,NA,NA,C1802P07,2012,raca,24.1996596,63.07104947,161.0307101,"c(-84.48, 34.51)"
18.43925095,18.0949173,18.95325089,19.37700081,18.37666702,98.95258331,98.95258331,76.87258148,83.34332275,128.2704926,-0.312083334,1.136666656,-1.601944447,-1.513333321,0.330972224,1.689444423,2.505694389,-3.948055506,-5.454305649,-0.644166648,6,7,7,2,1,5,2,2,2,1,1,9,7,NA,NA,NA,2012,NA,NA,NA,NA,"c(-84.45, 31.65)"
17.04725075,16.87375069,17.70050049,18.24350166,16.68316841,101.0019989,101.0019989,79.14600372,79.52157593,146.7600861,-0.504027784,1.361111045,-0.780000031,-1.70430553,0.459583342,1.054444432,3.232638836,-2.751666546,-4.818194389,0.340138882,6,4,4,176,176,1,176,4,3,1,176,7,4,NA,NA,C1408P07,2012,raca,10.87893718,30.02324811,49.46863979,"c(-84.32, 32.69)"
13.24733448,13.12508392,14.10283375,14.56533432,13.09308434,106.1545868,106.1545868,112.1264191,107.7872314,169.2204132,-1.616944432,0.296388894,-0.461666673,-0.488194436,0.570138872,-2.28125,0.317222208,-1.887638927,-2.707222223,0.79124999,6,6,6,141,142,142,142,9,7,2,142,7,7,NA,NA,F1802F98,2012,raca,84.8102411,131.7868211,155.619955,"c(-84.24, 34.79)"
17.21916771,17.04766655,17.91266823,18.48933411,16.81833458,101.1732483,101.1732483,74.30858612,78.2276535,148.7133331,-0.395277768,1.428472161,-0.781666636,-1.90625,0.540555596,1.390138865,3.488055468,-2.408611059,-4.858611107,0.585277796,6,7,7,37,176,176,37,2,2,1,61,9,7,NA,NA,C1408P05,2012,raca,21.94173897,58.81667325,78.79245758,"c(-84.22, 32.65)"
19.02133369,18.44150162,19.39725113,19.75166702,18.84558487,106.5487518,106.5487518,70.89941406,83.95204926,126.1744995,-0.314166665,0.633194447,-1.323888898,-1.491944432,0.0625,1.169305563,1.829861164,-3.5,-5.344305515,-1.506527781,6,6,6,141,141,143,190,3,2,1,142,9,6,NA,NA,C1509F12,2012,raca,15.50559612,49.16748047,76.44019721,"c(-84.16, 31.15)"
14.27850056,14.4100008,15.27841759,15.73841763,14.14233398,136.9268341,136.9268341,142.1289978,137.5074158,214.2299194,-1.516388893,1.216388941,0.070138887,-0.239166662,0.840833306,-1.760277748,2.340694427,-0.508333325,-1.939166665,1.507361054,6,6,4,141,141,142,142,9,7,2,142,7,4,NA,NA,F1401F04,2012,raca,NA,NA,NA,"c(-84.09, 34.6)"
13.38008404,13.21050072,14.24416733,14.70383358,13.24708366,92.52658081,92.52658081,105.4497528,99.19723511,143.2186737,-1.633472204,0.364166677,-0.656388879,-0.708333313,0.505138874,-3.034305573,0.113194443,-2.61611104,-3.4397223,0.292638898,7,7,4,141,141,141,141,0,0,0,141,7,7,NA,NA,F1805F95,2012,raca,29.11532821,65.67205702,122.1193163,"c(-84.08, 34.93)"
12.08183384,12.14683437,13.22716713,13.5959177,12.27908421,126.3891678,126.3891678,128.4285889,117.0491867,187.6389923,-1.590277791,0.642638862,-0.155833334,-0.403611124,0.733888924,-2.11263895,0.932777762,-0.664583325,-2.175972223,1.271111131,9,6,6,142,142,142,142,10,7,2,142,7,7,NA,NA,F1809F92,2012,raca,29.22220594,58.15596789,69.73798637,"c(-84.08, 34.76)"
14.48375034,14.59875107,15.3915844,15.86833382,14.3374176,128.1050873,128.1050873,122.3856659,112.0645981,171.0525818,-1.501249909,1.379722238,-0.119305559,-0.450694442,0.722916663,-1.542500019,2.615972281,-0.726388872,-2.530972242,1.021666646,6,4,4,141,141,141,141,8,6,2,141,7,4,NA,NA,C1401F55,2012,raca,90.77324362,165.3901922,165.3901922,"c(-84.02, 34.48)"
17.57341766,17.4042511,18.388834,18.7060833,17.20275116,99.47433472,99.47433472,84.87391663,71.76639557,138.5297546,-0.31694445,1.404305577,-0.639027774,-1.567916632,0.751527786,1.123749971,3.819861174,-2.05694437,-4.869027615,0.807222247,6,4,4,141,142,142,190,5,3,2,142,7,4,NA,NA,C1402F02,2012,raca,194.5379389,244.9573274,272.7003788,"c(-84.01, 32.58)"
14.55308437,14.68166733,15.45783424,15.9396677,14.42758369,122.21875,122.21875,113.3168335,105.4635315,165.9889984,-1.487499952,1.315555573,-0.202638894,-0.517916679,0.730277777,-1.450833321,2.543750048,-0.831805527,-2.680555582,1.013055563,6,7,4,141,141,141,141,8,5,2,141,7,7,NA,NA,C1407F10,2012,raca,22.06386876,62.81324052,83.18271715,"c(-83.97, 34.45)"
13.95500088,14.08575058,14.90650082,15.31791687,13.89525032,129.098175,129.098175,135.9466705,120.8214569,195.7765808,-1.48444438,1.20763886,-0.127222225,-0.391666681,0.734305561,-1.572222233,2.281527758,-0.628194451,-2.303750038,1.308472276,6,6,4,141,141,141,141,5,5,2,141,7,7,NA,NA,C1401P01,2012,raca,18.88937436,51.74443297,54.04388802,"c(-83.93, 34.6)"
12.35075092,12.44900036,13.41741753,13.86100101,12.4995842,134.7656708,134.7656708,136.7982483,123.4229431,198.8654938,-1.631944418,1.364166617,-0.14902778,-0.435000002,0.716388881,-1.566527724,1.734583378,-0.664861083,-1.822777748,1.546944499,9,6,6,141,141,141,141,10,9,2,141,7,7,NA,NA,F1802F96,2012,raca,18.86738883,65.47749009,NA,"c(-83.91, 34.71)"
17.70283318,17.527668,18.56425095,18.95166779,17.6103344,99.51091766,99.51091766,79.00783539,71.70542145,127.3215866,-0.325138897,1.542916656,-0.755138874,-1.549166679,0.570833325,1.218333364,4.180416584,-2.253750086,-4.835277557,0.644861102,6,6,6,26,2,2,2,2,2,1,2,9,6,NA,NA,C1509C05,2012,raca,3.41006495,15.52384025,33.47135231,"c(-83.9, 32.31)"
17.95325089,17.72358513,18.65974998,19.03108406,17.98241806,100.0024185,100.0024185,75.95966339,64.67839813,127.1915817,-0.43972221,1.640277743,-0.791388869,-1.878472209,0.538194418,1.214861155,4.331250191,-2.013472319,-5.069444656,0.627499998,3,6,6,141,176,74,195,2,2,2,195,6,6,NA,NA,C1509C09,2012,raca,6.454999194,31.92887583,49.84780711,"c(-83.89, 32.15)"
14.37833405,14.51908398,15.32283401,15.78133392,14.33616734,121.4357529,121.4357529,117.5814972,112.1363525,160.2006683,-1.51236105,1.388333321,-0.135416672,-0.504305542,0.740694463,-1.493472219,2.587361097,-0.431527793,-2.700972319,1.099583387,4,4,4,142,176,176,176,6,5,2,176,7,4,NA,NA,C1403P07,2012,raca,16.89500036,51.00836054,102.71315,"c(-83.88, 34.49)"
19.27000046,18.8619175,19.76566696,19.91075134,19.23583412,83.46058655,83.46058655,83.350914,103.7244034,142.4790039,-0.529444456,0.155277774,-1.385277748,-0.97874999,0.39958334,0.946250021,0.393888891,-3.687916756,-4.27583313,-0.2533333,6,6,6,142,190,190,141,4,3,2,190,9,9,NA,NA,C1507C05,2012,raca,2.717493762,16.30496257,35.12412193,"c(-83.88, 30.91)"
12.56566715,12.60433388,13.57075024,14.03333378,12.63641739,132.2991638,132.2991638,134.5727539,121.1352921,189.4360046,-1.415416598,1.355555534,-0.123055555,-0.292083323,0.909166694,-1.164861083,2.006111145,-0.579583347,-1.571944475,1.942222238,6,6,6,141,141,141,141,13,10,2,141,7,7,NA,NA,F1809F98,2012,raca,81.62826592,182.4824126,235.3982036,"c(-83.84, 34.73)"
18.85091782,18.2903347,19.22533417,19.5917511,18.71216774,108.3911667,108.3911667,73.9414978,91.9275589,147.6974945,-0.44972223,0.812916696,-1.114444375,-1.387222171,0.635972202,1.21652782,2.541527748,-2.865139008,-4.865972042,0.177222207,6,6,6,2,2,2,2,2,2,1,2,9,6,NA,NA,C1507C10,2012,raca,3.38009918,20.28059508,35.95960324,"c(-83.79, 31.46)"
18.70841789,18.15516663,19.12441826,19.48458481,18.65725136,100.3608322,100.3608322,71.70600128,89.85441589,148.7955017,-0.46319446,0.745833337,-1.211944461,-1.335833311,0.68638891,1.22208333,2.3459723,-3.258333445,-4.767916679,0.330138892,6,6,6,61,61,61,2,2,2,1,50,9,6,NA,NA,C1509C03,2012,raca,4.540713378,23.90953202,34.85189681,"c(-83.75, 31.49)"
18.31725121,17.84341812,18.85250092,19.22525024,18.31500053,103.9935837,103.9935837,76.93499756,81.37233734,136.8014984,-0.657638907,1.237083316,-0.924444437,-1.570555568,0.654722214,0.854722202,3.257638931,-2.354583263,-5.10055542,0.374305546,6,6,6,142,142,142,142,4,3,1,142,9,6,NA,NA,C1505W12,2012,raca,17.09474765,73.62091124,131.2838747,"c(-83.71, 31.73)"
17.2962513,17.21958351,18.13658524,18.5688343,17.16408348,100.9900818,100.9900818,85.95683289,72.47272491,123.338501,-0.372916669,2.013194323,-0.172222227,-1.422361135,0.394583315,1.427361131,5.26902771,-0.802222252,-4.468333244,0.183194458,6,6,4,142,142,142,142,5,3,1,142,7,7,NA,NA,C1401F26,2012,raca,11.18583652,21.64164019,21.64164019,"c(-83.71, 33.02)"
16.02741814,16.39325142,17.29158401,17.65850067,16.19791794,101.1911697,101.1911697,90.27458191,91.5610733,127.1919174,-1.376250029,1.504166603,-0.389027774,-1.352361083,0.168749988,-0.850138903,3.360277891,-1.657916665,-4.428333282,-0.471527785,4,4,4,141,142,142,142,4,3,1,142,7,7,NA,NA,C1407P25,2012,raca,71.8759569,92.45141944,121.7541827,"c(-83.66, 33.9)"
13.32983398,13.48366737,14.26758385,14.76250076,13.34075069,146.4870758,146.4870758,146.8276672,137.5074463,206.7469177,-1.435555577,1.291388869,0.022361111,-0.331805557,0.836111128,-1.334861159,2.516527891,-0.048888892,-2.027083397,1.526666641,6,6,6,141,141,141,141,5,6,2,141,7,4,NA,NA,C1401F44,2012,raca,73.36181553,107.3994846,116.5828692,"c(-83.66, 34.73)"
19.07850075,18.43050003,19.61575127,19.92616653,19.33141708,90.44808197,90.44808197,88.94008636,104.6997681,128.5279999,-0.313055545,0.076805554,-1.337638855,-0.896944463,0.53125,0.81472224,0.286111116,-3.387777805,-3.989583254,-0.061666675,6,6,6,61,142,143,141,4,3,1,142,9,9,NA,NA,C1509F10,2012,raca,13.75583345,38.40289033,76.52217235,"c(-83.6, 30.92)"
13.40816689,13.56008434,14.41133404,14.881917,13.30650043,141.2965851,141.2965851,144.3339233,125.142067,205.0749207,-1.607777715,0.943333328,-0.069166668,-0.264722228,0.884444475,-1.793611169,2.08486104,-0.253472209,-1.780694485,1.592222214,6,4,4,141,141,141,141,7,7,3,141,7,4,NA,NA,F1805F90,2012,raca,14.08173945,33.28256338,54.86518277,"c(-83.54, 34.72)"
18.84816742,18.25941658,19.22391701,19.62866783,18.78475189,86.15274811,86.15274811,71.40399933,103.7634659,136.7154236,-0.323194444,0.728194416,-1.240694404,-0.898611128,1.134444475,1.228194475,1.728611112,-3.226527691,-3.788472176,1.799861073,6,6,9,142,142,142,142,2,2,1,142,11,9,NA,NA,C1510C06,2012,raca,4.71863943,28.31183658,38.00869059,"c(-83.53, 31.43)"
17.91725159,17.80825043,18.8655014,19.17925072,18.22408485,91.89066315,91.89066315,81.98883057,71.67169189,134.0491638,-0.263055563,1.348055601,-1.150694489,-1.641388893,0.794444442,0.916944444,3.442638874,-3.105000019,-5.099722385,0.93416667,7,4,4,190,190,190,190,5,4,2,190,7,4,NA,NA,C1505W03,2012,raca,26.31660735,82.36518897,193.845374,"c(-83.5, 32.36)"
17.66866684,17.52308464,18.51966667,18.92158318,17.65283394,91.09783173,91.09783173,83.5771637,69.2383728,144.0115814,-0.302777767,1.265694499,-1.265972257,-1.644583344,0.770555556,0.945138872,3.36944437,-3.203888893,-5.10722208,0.911666632,6,4,4,142,142,142,141,4,3,1,190,7,7,NA,NA,C1507F33,2012,raca,3.421498824,17.13409238,38.67945861,"c(-83.48, 32.52)"
18.57741737,18.09791756,19.10666656,19.46850204,18.6744175,102.0550842,102.0550842,73.78424835,95.43753815,136.630249,-0.451805562,1.112638831,-1.063472152,-1.24888885,0.954861104,1.062361121,3.163472176,-2.606527805,-4.254444599,1.297222257,6,6,6,1,10,1,2,2,2,2,10,9,9,NA,NA,C1508C04,2012,raca,5.587929131,33.52757479,57.14212069,"c(-83.45, 31.57)"
18.74358368,18.08933449,19.15375137,19.56441689,18.71191788,91.8208313,91.8208313,73.11433411,107.874115,132.5565033,-0.34375,0.84819442,-1.306666613,-0.968333304,1.016944408,1.116388917,2.241388798,-3.302777767,-3.808888912,1.606666684,6,6,9,122,122,122,122,2,2,1,122,9,9,NA,NA,NA,2012,NA,NA,NA,NA,"c(-83.43, 31.43)"
15.00983429,15.32616711,16.14058495,16.58191681,15.17908382,95.27600098,95.27600098,99.20916748,99.36472321,171.1488342,-1.424305558,1.186527729,-0.558472216,-0.69305557,0.905277729,-0.838888884,2.405138969,-2.201388836,-3.139722347,1.125416636,4,4,4,141,176,176,176,10,7,2,176,7,7,NA,NA,F1401F05,2012,raca,113.4446137,148.1293082,152.8293651,"c(-83.41, 34.5)"
16.97908401,16.96541786,18.06333351,18.63875198,17.19425011,104.0129166,104.0129166,71.71833038,75.28050995,143.6463318,-0.405000001,1.852777719,-0.556666672,-1.735694408,0.718055546,1.193611145,4.532916546,-1.521805525,-5.210138798,0.822638929,6,4,4,142,142,142,142,6,4,1,142,7,4,NA,NA,C1404F03,2012,raca,150.5066306,189.2389754,212.7855332,"c(-83.4, 33.06)"
17.95791817,17.73391724,18.77475166,19.17983437,18.16699982,85.74783325,85.74783325,77.20649719,75.19282532,125.3501663,-0.447916657,1.131388903,-1.391388893,-1.620694399,0.819722235,0.670833349,2.621527672,-3.255833387,-5.178194523,0.988194466,4,4,4,142,141,74,142,4,3,1,142,7,4,NA,NA,C1507F25,2012,raca,8.662396176,32.86180117,42.2593854,"c(-83.34, 32.12)"
18.33850098,17.97008324,18.83600044,19.22700119,18.44066811,85.92483521,85.92483521,76.47416687,82.94039154,125.2279129,-0.665416658,1.074444413,-1.393055558,-1.399166584,0.972916663,0.931388855,2.447777748,-3.292500019,-4.859861374,1.356111169,6,6,6,1,10,1,1,2,2,1,1,9,6,NA,NA,C1507C11,2012,raca,2.821840104,16.93104063,31.26898446,"c(-83.32, 31.96)"
18.30233383,17.93008423,18.79400063,19.13316727,18.41383362,90.01924896,90.01924896,77.65216827,74.2930603,126.1734161,-0.619166672,1.036111116,-1.334999919,-1.413611054,0.963611126,0.971666694,2.504861116,-3.257222176,-4.914027691,1.354444504,6,6,6,74,176,176,63,2,2,1,5,9,6,NA,NA,C1507W05,2012,raca,2.782385977,16.69431586,27.34437813,"c(-83.31, 31.91)"
18.95941734,18.36200142,19.4010849,19.81791687,19.22050095,85.54716492,85.54716492,92.4988327,84.67497253,116.81633,-0.529999971,0.321527779,-1.451111078,-0.876666665,0.558333337,0.589999974,0.851805568,-3.320833206,-3.796388865,0.657500029,6,6,9,142,142,142,142,3,3,1,142,11,9,NA,NA,C1408F03,2012,raca,23.6914742,55.31758123,97.81567325,"c(-83.21, 31.24)"
18.95941734,18.36200142,19.4010849,19.81791687,19.22050095,85.54716492,85.54716492,92.4988327,84.67497253,116.81633,-0.529999971,0.321527779,-1.451111078,-0.876666665,0.558333337,0.589999974,0.851805568,-3.320833206,-3.796388865,0.657500029,6,6,9,142,142,190,190,4,4,1,142,9,9,NA,NA,C1408F23,2012,raca,138.2079966,181.3528744,260.6826203,"c(-83.2, 31.26)"
18.45683479,18.00425148,18.9995842,19.53958511,18.91858482,97.1918335,97.1918335,68.03708649,88.35173035,136.33284,-0.458472222,1.201527715,-1.251527786,-1.278194427,0.784027755,0.870000005,3.204999924,-2.828749895,-4.387639046,1.096527815,6,6,6,2,2,2,10,3,2,1,2,9,9,NA,NA,C1510C01,2012,raca,6.956087573,41.73652544,76.23198272,"c(-83.2, 31.63)"
15.47133446,15.69500065,16.6293335,17.04891777,15.57841778,105.0085831,105.0085831,93.20649719,85.80854034,152.3040771,-1.074999928,1.639444351,-0.271666676,-0.946111083,0.628055573,-0.691527784,3.690277815,-0.926666677,-3.539722204,0.654166639,4,4,4,141,141,141,141,3,2,1,141,7,4,NA,NA,C1407P18,2012,raca,17.5784853,43.85810238,68.46483068,"c(-83.17, 34.31)"
19.00191879,18.39908409,19.45341682,19.84133339,19.25758362,92.07466888,92.07466888,96.79641724,85.67531586,114.0644989,-0.463611096,0.530694425,-1.008333325,-0.782083333,0.533749998,0.700972199,1.458333373,-2.807222128,-3.530138969,0.658611119,6,6,9,122,122,122,122,2,2,1,121,9,9,NA,NA,C1408W01,2012,raca,101.6106174,181.8528049,215.8538243,"c(-83.1, 31.19)"
18.67033386,18.13741684,19.14016724,19.51250076,18.8734169,89.45700073,89.45700073,73.86582947,95.9394989,127.2285004,-0.415555537,0.548333347,-1.367083311,-1.099027753,0.587916672,1.07027781,1.515277743,-3.336805582,-4.154583454,0.792916656,6,6,6,2,2,10,2,2,2,1,2,9,9,NA,NA,C1510C09,2012,raca,6.579395146,33.51051529,42.96554303,"c(-83.07, 31.43)"
17.86700058,17.56691742,18.66650009,19.0921669,18.19283485,98.09532928,98.09532928,85.22125244,82.53738403,120.3391647,-0.382361114,1.560138822,-1.03902781,-1.570694447,0.779305518,0.862916648,3.731805563,-2.396111012,-4.715555668,1.168750048,6,6,6,142,190,142,190,4,3,1,190,9,6,NA,NA,C1501C01,2012,raca,5.08513554,30.51081324,66.93657594,"c(-82.91, 32.19)"
18.92041779,18.37350082,19.38483429,19.65950012,19.11083412,93.97058105,93.97058105,89.17749786,96.16520691,116.053833,-0.41291666,0.737222195,-0.5223611,-0.686250031,0.53680557,0.861666679,2.224583387,-1.814305544,-3.175416708,0.941111088,6,6,9,2,2,2,2,3,3,1,10,11,9,NA,NA,C1408P13,2012,raca,10.49866437,26.73632513,40.11365351,"c(-82.84, 31.34)"
14.87900066,15.00633335,15.84541702,16.23116684,14.99500084,86.73583221,86.73583221,90.48191833,83.30195618,127.2209167,-1.213055491,1.310416698,-0.58708334,-1.124583364,0.406666666,0.55805558,3.058611155,-2.160000086,-3.911944389,0.311944425,4,4,4,37,176,176,176,2,2,1,176,7,4,NA,NA,C1407P26,2012,raca,19.17582246,38.14321265,57.67588766,"c(-82.81, 34.05)"
18.33475113,18.09633446,19.17766762,19.53941727,18.56941795,101.6954193,101.6954193,76.06291962,91.56639862,135.2822418,-0.109999999,1.297361135,-0.996527731,-1.218194366,0.556666672,1.740138888,3.304305553,-2.24333334,-4.01888895,0.853611112,6,6,6,2,10,2,2,2,2,1,2,9,9,NA,NA,C1408C05,2012,raca,10.20764281,41.84858532,NA,"c(-82.63, 31.81)"
18.32966805,18.11808395,19.14183426,19.43400192,18.39966774,96.43083191,96.43083191,91.20967102,83.3757019,117.0739975,-0.153611109,1.471805573,-0.87055558,-1.324027777,0.827361107,0.829722226,3.584722281,-2.17861104,-4.489027977,1.106527805,6,6,6,2,142,190,142,2,2,1,190,9,6,NA,NA,C1507W01,2012,raca,7.364323588,28.59261896,39.21193819,"c(-82.61, 32.24)"
18.32966805,18.11808395,19.14183426,19.43400192,18.39966774,96.43083191,96.43083191,91.20967102,83.3757019,117.0739975,-0.170416668,1.44861114,-0.813750029,-1.336666703,0.825555563,0.836250007,3.495972157,-2.091944456,-4.418055534,1.18194437,6,6,6,142,142,142,142,2,2,1,142,9,6,NA,NA,C1508F07,2012,raca,12.69447139,60.36579074,71.31016306,"c(-82.59, 32.25)"
19.40791702,18.55258369,19.50358391,19.89658356,19.61600113,91.0739975,91.0739975,87.75416565,98.66858673,114.6445847,-0.151250005,0.392777771,-1.107916713,-0.394444436,0.413611114,1.132083297,1.049444437,-2.969444513,-2.670138836,0.81805557,9,9,9,142,142,152,176,3,4,2,152,11,9,NA,NA,C1408F68,2012,raca,63.98855864,111.7747964,128.2543957,"c(-82.48, 31.23)"
18.30908394,18.0288353,19.16425133,19.25741768,18.03849983,105.3169174,105.3169174,80.93091583,89.49616241,126.48983,-0.345555544,1.494583368,-0.669861138,-1.504999995,0.771666646,0.495138884,3.430138826,-1.675416708,-4.438194275,1.289861083,6,6,6,61,61,176,176,6,4,1,61,9,6,NA,NA,C1501F07,2012,raca,11.48743103,29.3507064,40.69839126,"c(-82.45, 32.57)"
16.45850182,16.4837513,17.4730835,17.98649979,16.48050117,98.04808044,98.04808044,75.32324982,76.92737579,124.8013306,-1.003888845,1.04236114,-0.776666641,-1.652777791,0.27013889,0.381527781,2.798611164,-2.683749914,-5.088472366,-0.561666667,6,4,4,142,142,142,142,5,2,1,142,7,7,NA,NA,C1403P03,2012,raca,27.51426282,50.03433453,66.25030078,"c(-82.44, 33.72)"
18.30225182,18.09366798,19.06608391,19.28791809,18.17175102,104.2867508,104.2867508,82.01316833,86.09873962,110.0703354,-0.330833346,1.354027748,-0.915555537,-1.448611021,0.745277762,0.504583359,3.104722261,-2.269166708,-4.446388721,1.021805525,6,6,6,142,152,152,176,2,2,1,152,9,6,NA,NA,C1501F01,2012,raca,3.12139382,17.38396582,33.52166976,"c(-82.44, 32.41)"
19.12316704,18.45708466,19.55633354,19.90133476,19.41916847,90.77549744,90.77549744,81.78025055,91.67498016,118.9489975,-0.12055555,0.304305553,-1.509305596,-0.62277776,0.449861109,1.228333354,0.805277765,-3.545833349,-3.361527681,0.578750014,6,6,6,121,121,121,121,2,2,1,121,11,9,NA,NA,C1406W04,2012,raca,79.90164775,154.6950161,338.1104478,"c(-82.39, 31.41)"
17.83166695,17.59550095,18.86933517,18.89591789,17.49275017,107.2773361,107.2773361,80.92266846,89.28260803,132.795578,-0.311111122,1.241805553,-0.997361124,-1.497916579,0.897222221,0.520277798,2.789305449,-2.926111221,-4.759860992,1.347638845,6,6,6,142,142,142,176,4,2,1,152,9,6,NA,NA,C1508C02,2012,raca,4.905768865,24.25270163,33.22721468,"c(-82.35, 32.72)"
18.70149994,18.23883438,19.4196682,19.76808357,18.96233368,86.49258423,86.49258423,81.88991547,92.9743576,131.1207428,-0.159722224,0.573888898,-1.547500014,-0.856388867,0.479583323,1.28347218,1.386388898,-3.614722252,-3.785000086,0.697361112,6,6,6,190,195,195,176,2,2,1,190,9,6,NA,NA,C1403W07,2012,raca,29.34639446,114.4401913,227.3894657,"c(-82.32, 31.6)"
19.2780838,18.54558372,19.75800133,19.87250137,19.63916779,98.66542053,98.66542053,87.68807983,98.29428864,142.1309967,-0.067777775,0.329305559,-1.425694466,-0.483333319,0.474583328,1.116805553,0.624583304,-3.349722147,-2.851527691,0.767361104,9,9,9,142,142,142,142,4,3,2,190,11,11,NA,NA,C1408F30,2012,raca,178.7393489,221.5819053,243.8783138,"c(-82.32, 31.3)"
18.50066757,18.34700012,19.35866737,19.69883347,18.59658432,95.67741394,95.67741394,79.77891541,88.18370819,126.0902481,-0.078333333,1.037083268,-1.297916651,-1.315555573,0.584027767,1.413194418,2.336250067,-3.242500067,-4.508611202,0.485694438,6,6,6,2,10,2,2,3,3,1,2,9,6,NA,NA,C1507C12,2012,raca,3.140941353,17.41624829,31.2817745,"c(-82.3, 32)"
18.74583435,18.17233467,19.40133476,19.80600166,19.07058334,84.41608429,84.41608429,81.8560791,104.8649139,124.5370026,-0.154583335,0.155694455,-1.673750043,-0.61500001,0.425555557,0.989583313,0.638472199,-3.605555534,-3.429444551,0.500833333,6,6,9,142,176,152,63,2,2,2,152,9,9,NA,NA,C1406X02,2012,raca,220.088315,245.6501571,259.0823565,"c(-82.25, 31.49)"
19.58875084,18.76175117,19.82216644,20.2468338,19.69050026,86.03516388,86.03516388,89.14624786,111.9070129,110.2880859,-0.091249995,0.14902778,-1.387499928,-0.033611111,0.365277767,0.657638907,0.720277786,-3.495555639,-2.625416756,0.276250005,9,9,9,195,195,195,190,10,10,6,190,9,9,NA,NA,C1405W57,2012,raca,144.6964386,925.8332302,3332.159425,"c(-82.15, 30.96)"
18.1467514,17.92175102,18.88683319,18.97058487,17.89616776,92.91908264,92.91908264,76.04966736,79.53138733,123.012001,-0.391111106,1.080416679,-1.017222166,-1.402083278,0.897222221,0.116527773,2.371388912,-2.770416737,-4.495277882,1.563194513,6,6,6,190,190,190,141,2,2,1,190,9,6,NA,NA,NA,2012,NA,NA,NA,NA,"c(-82.08, 32.66)"
18.83541679,18.62283325,19.45050049,19.55058479,18.59683418,83.9019165,83.9019165,83.60224915,95.26435852,131.3423309,-0.405972213,1.054305553,-1.324722171,-1.211249948,0.743055582,0.236666664,2.028055668,-3.194722176,-4.385972023,1.074166656,6,6,6,190,190,190,141,4,2,1,190,9,6,NA,NA,C1501P04,2012,raca,9.71659391,49.82827632,64.28615379,"c(-82.05, 32.43)"
19.34433365,18.50191689,19.5063343,19.98883438,19.29966736,84.16308594,84.16308594,83.72166443,113.2670593,116.9655838,-0.084166668,0.154166669,-1.393749952,-0.107222222,0.32472223,0.62833333,0.386805564,-3.589305639,-2.492222309,0.068611108,6,9,9,190,190,190,190,9,7,6,190,9,9,NA,NA,C1405P01,2012,raca,28.641495,438.7060918,3623.886055,"c(-81.99, 31.02)"
18.31550026,17.96758461,18.88283539,18.88241768,17.99141693,98.52183533,98.52183533,73.75233459,85.60515594,128.0339966,-0.42750001,1.24333334,-0.948194444,-1.256805539,0.881250024,-0.221111104,2.745694399,-2.326111078,-4.351388931,1.37833333,6,6,6,142,142,142,143,2,2,1,142,9,6,NA,NA,C1507F30,2012,raca,6.286123589,22.24025391,37.15169899,"c(-81.87, 32.54)"
18.31550026,17.96758461,18.88283539,18.88241768,17.99141693,98.52183533,98.52183533,73.75233459,85.60515594,128.0339966,-0.42750001,1.24333334,-0.948194444,-1.256805539,0.881250024,-0.221111104,2.745694399,-2.326111078,-4.351388931,1.37833333,6,6,6,37,37,2,176,2,2,1,61,9,6,NA,NA,C1507P11,2012,raca,7.191955079,32.94265149,43.98681707,"c(-81.86, 32.56)"
18.18283463,17.93658447,18.85841751,18.82541847,17.97091675,93.32483673,93.32483673,65.49858093,90.05883026,127.0886688,-0.470694453,0.919305563,-0.940972209,-1.3125,0.952222228,-0.62611109,2.068333387,-2.504305601,-4.432777882,1.614722252,6,6,6,190,190,190,141,5,3,1,190,9,6,NA,NA,C1511W04,2012,raca,31.19137661,45.32512042,50.82276892,"c(-81.85, 32.72)"
18.08233452,17.86883354,18.79516792,18.72383499,17.90525055,96.0521698,96.0521698,67.29174805,91.82632446,125.4110031,-0.475972205,0.821805537,-1.05583334,-1.294444442,0.989722192,-0.644166648,1.621527791,-2.927639008,-4.311388969,1.785416603,6,6,6,142,142,142,142,5,3,2,142,9,6,NA,NA,C1507F40,2012,raca,4.969129224,18.24320078,29.10274322,"c(-81.83, 32.76)"
18.08233452,17.86883354,18.79516792,18.72383499,17.90525055,96.0521698,96.0521698,67.29174805,91.82632446,125.4110031,-0.462361097,0.897222221,-0.912638843,-1.301527739,0.938472211,-0.649305582,1.863194466,-2.510277748,-4.26347208,1.716805577,6,6,6,142,61,1,176,2,2,1,61,9,6,NA,NA,C1511W02,2012,raca,73.72276824,307.8375202,326.5795771,"c(-81.82, 32.75)"
19.27008438,18.48483467,19.49833488,19.70775032,19.090168,85.49983215,85.49983215,82.00382996,125.3503571,112.3256683,-0.19138889,-0.067222223,-1.7790277,-0.208194435,0.232083336,0.672500014,-0.089166664,-4.19958353,-3.164583445,-0.973888874,6,6,6,190,142,142,142,5,3,1,190,9,9,NA,NA,C1408F72,2012,raca,121.1098928,143.312952,158.0840334,"c(-81.79, 30.93)"
18.9054184,18.42308426,19.2792511,19.35275078,18.44600105,87.21299744,87.21299744,67.61066437,84.77012634,106.1894989,-0.433611125,1.14847219,-1.143888831,-1.282777786,0.61277777,0.078749999,2.312361002,-3.079305649,-4.455138683,0.715972245,6,6,6,2,142,190,190,2,2,1,1,9,6,NA,NA,C1507C06,2012,raca,4.326706019,25.96023612,41.70851131,"c(-81.74, 32.34)"
19.09233475,18.27833366,19.29541779,19.70816803,19.00091743,82.99541473,82.99541473,93.97708893,127.6094131,116.6565018,-0.204722226,-0.192638889,-1.883055568,-0.34597224,0.201250002,0.058333337,-0.089444444,-4.410416603,-3.519999981,-1.06472218,6,6,6,142,142,142,176,25,25,24,152,9,9,NA,NA,C1408F99,2012,raca,126.205465,624.5158681,1531.327503,"c(-81.73, 31.14)"
18.89641762,18.18366814,19.21025085,19.68966675,18.84100151,85.84600067,85.84600067,79.89324951,99.68170166,106.6394196,-0.131527781,0.085833333,-1.664583325,-0.471111119,0.381249994,0.367361128,0.230555549,-3.758333445,-2.936249971,0.01069444,9,9,11,142,142,142,142,9,8,2,190,11,11,NA,NA,C1408F74,2012,raca,77.88314485,106.867498,165.5158819,"c(-81.72, 31.48)"
18.94516754,18.17983437,19.16783333,19.65941811,18.87841797,83.07508087,83.07508087,94.40882874,102.736908,111.9365845,-0.09402778,0.01125,-1.783888817,-0.44194445,0.394444436,0.464861095,0.195694447,-4.015277863,-3.021666765,0.071805559,9,9,9,142,142,142,142,4,4,1,190,11,11,NA,NA,C1402F04,2012,raca,18.79589105,44.69857828,69.75375949,"c(-81.71, 31.4)"
19.22741699,18.64933395,19.61950111,19.98025131,19.2595005,92.98816681,92.98816681,84.0989151,96.54469299,141.6259918,-0.35263887,0.407777786,-1.356666684,-1.132083297,0.360416651,1.05138886,0.761944413,-3.635138988,-4.590694427,-0.622361064,6,9,9,142,142,142,142,5,3,1,142,9,9,0,1.47,132737,2010,NCSS,9.7755,58.653,195.51,"c(-84.013374329, 30.8421230320001)"
19.22741699,18.64933395,19.61950111,19.98025131,19.2595005,92.98816681,92.98816681,84.0989151,96.54469299,141.6259918,-0.35263887,0.407777786,-1.356666684,-1.132083297,0.360416651,1.05138886,0.761944413,-3.635138988,-4.590694427,-0.622361064,6,9,9,142,142,142,142,5,3,1,142,9,9,0,3.29,132736,2010,NCSS,21.8785,131.271,437.57,"c(-84.012939453, 30.8421688080001)"
19.22741699,18.64933395,19.61950111,19.98025131,19.2595005,92.98816681,92.98816681,84.0989151,96.54469299,141.6259918,-0.35263887,0.407777786,-1.356666684,-1.132083297,0.360416651,1.05138886,0.761944413,-3.635138988,-4.590694427,-0.622361064,6,9,9,142,142,142,142,5,3,1,142,9,9,0,1.06,132738,2010,NCSS,7.049,42.294,140.98,"c(-84.013816833, 30.842189789)"
19.22741699,18.64933395,19.61950111,19.98025131,19.2595005,92.98816681,92.98816681,84.0989151,96.54469299,141.6259918,-0.35263887,0.407777786,-1.356666684,-1.132083297,0.360416651,1.05138886,0.761944413,-3.635138988,-4.590694427,-0.622361064,6,9,9,142,142,142,142,5,3,1,142,9,9,0,0.14,52735,2010,NCSS,0.931,5.586,18.62,"c(-84.013313293, 30.842367172)"
19.22741699,18.64933395,19.61950111,19.98025131,19.2595005,92.98816681,92.98816681,84.0989151,96.54469299,141.6259918,-0.35263887,0.407777786,-1.356666684,-1.132083297,0.360416651,1.05138886,0.761944413,-3.635138988,-4.590694427,-0.622361064,6,9,9,142,142,142,142,5,3,1,142,9,9,0,0.31,132735,2010,NCSS,2.0615,12.369,41.23,"c(-84.013160706, 30.842475891)"
19.22741699,18.64933395,19.61950111,19.98025131,19.2595005,92.98816681,92.98816681,84.0989151,96.54469299,141.6259918,-0.35263887,0.407777786,-1.356666684,-1.132083297,0.360416651,1.05138886,0.761944413,-3.635138988,-4.590694427,-0.622361064,6,9,9,142,142,142,142,5,3,1,142,9,9,0,0.92,132739,2010,NCSS,6.118,36.708,122.36,"c(-84.0135803219999, 30.8424835210001)"
19.22741699,18.64933395,19.61950111,19.98025131,19.2595005,92.98816681,92.98816681,84.0989151,96.54469299,141.6259918,-0.35263887,0.407777786,-1.356666684,-1.132083297,0.360416651,1.05138886,0.761944413,-3.635138988,-4.590694427,-0.622361064,6,9,9,142,142,142,142,5,3,1,142,9,9,0,0.32,132734,2010,NCSS,2.128,12.768,42.56,"c(-84.013328552, 30.8427753450001)"
19.22741699,18.64933395,19.61950111,19.98025131,19.2595005,92.98816681,92.98816681,84.0989151,96.54469299,141.6259918,-0.392361104,0.461944431,-1.214861155,-1.138611078,0.377916664,1.024722219,1.006111145,-3.470833302,-4.560694218,-0.529999971,6,6,6,142,142,176,142,3,3,1,142,9,9,0,0,132769,2010,NCSS,,,,"c(-84.012939453, 30.854383469)"
19.22741699,18.64933395,19.61950111,19.98025131,19.2595005,92.98816681,92.98816681,84.0989151,96.54469299,141.6259918,-0.392361104,0.461944431,-1.214861155,-1.138611078,0.377916664,1.024722219,1.006111145,-3.470833302,-4.560694218,-0.529999971,6,6,6,142,142,142,142,3,3,1,142,9,9,0,0,132768,2010,NCSS,,,,"c(-84.012496948, 30.854427338)"
19.22741699,18.64933395,19.61950111,19.98025131,19.2595005,92.98816681,92.98816681,84.0989151,96.54469299,141.6259918,-0.392361104,0.461944431,-1.214861155,-1.138611078,0.377916664,1.024722219,1.006111145,-3.470833302,-4.560694218,-0.529999971,6,6,6,142,142,142,142,3,3,1,142,9,9,0,1.57,132770,2010,NCSS,10.4405,62.643,208.81,"c(-84.01335907, 30.854446411)"
19.22741699,18.64933395,19.61950111,19.98025131,19.2595005,92.98816681,92.98816681,84.0989151,96.54469299,141.6259918,-0.392361104,0.461944431,-1.214861155,-1.138611078,0.377916664,1.024722219,1.006111145,-3.470833302,-4.560694218,-0.529999971,6,6,6,142,142,176,142,4,3,1,142,9,9,0,0.13,52732,2010,NCSS,0.8645,5.187,17.29,"c(-84.012870789, 30.8546257020001)"
19.22741699,18.64933395,19.61950111,19.98025131,19.2595005,92.98816681,92.98816681,84.0989151,96.54469299,141.6259918,-0.392361104,0.461944431,-1.214861155,-1.138611078,0.377916664,1.024722219,1.006111145,-3.470833302,-4.560694218,-0.529999971,6,6,6,142,142,176,142,4,3,1,142,9,9,0,0,132767,2010,NCSS,,,,"c(-84.012702942, 30.8547363280001)"
19.22741699,18.64933395,19.61950111,19.98025131,19.2595005,92.98816681,92.98816681,84.0989151,96.54469299,141.6259918,-0.392361104,0.461944431,-1.214861155,-1.138611078,0.377916664,1.024722219,1.006111145,-3.470833302,-4.560694218,-0.529999971,6,6,6,142,142,176,142,4,3,1,142,9,9,0,0.29,132771,2010,NCSS,1.9285,11.571,38.57,"c(-84.0131301879999, 30.85474205)"
19.22741699,18.64933395,19.61950111,19.98025131,19.2595005,92.98816681,92.98816681,84.0989151,96.54469299,141.6259918,-0.392361104,0.461944431,-1.214861155,-1.138611078,0.377916664,1.024722219,1.006111145,-3.470833302,-4.560694218,-0.529999971,6,6,6,142,142,142,142,4,3,1,142,9,9,0,0,132766,2010,NCSS,,,,"c(-84.0128860469999, 30.8550357820001)"
20.67733383,19.23150063,20.01950073,20.4853344,19.47566795,90.74500275,90.74500275,88.09857941,112.2130661,150.0593414,-0.374722213,0.519861102,-1.850277781,-1.302222252,0.521388888,0.647083342,0.249999985,-4.427083492,-4.936388969,-0.561805546,6,6,6,142,176,176,176,2,2,1,61,9,6,0,0.47,132713,2010,NCSS,3.1255,18.753,62.51,"c(-84.987937927, 31.0795669560001)"
20.67733383,19.23150063,20.01950073,20.4853344,19.47566795,90.74500275,90.74500275,88.09857941,112.2130661,150.0593414,-0.374722213,0.519861102,-1.850277781,-1.302222252,0.521388888,0.647083342,0.249999985,-4.427083492,-4.936388969,-0.561805546,6,6,6,142,176,176,176,2,2,1,61,9,6,0,0.6,132712,2010,NCSS,3.99,23.94,79.8,"c(-84.987510681, 31.079622269)"
20.67733383,19.23150063,20.01950073,20.4853344,19.47566795,90.74500275,90.74500275,88.09857941,112.2130661,150.0593414,-0.374722213,0.519861102,-1.850277781,-1.302222252,0.521388888,0.647083342,0.249999985,-4.427083492,-4.936388969,-0.561805546,6,6,6,61,176,176,176,2,2,1,61,9,6,0,0.37,132714,2010,NCSS,2.4605,14.763,49.21,"c(-84.988380432, 31.0796337130001)"
20.67733383,19.23150063,20.01950073,20.4853344,19.47566795,90.74500275,90.74500275,88.09857941,112.2130661,150.0593414,-0.374722213,0.519861102,-1.850277781,-1.302222252,0.521388888,0.647083342,0.249999985,-4.427083492,-4.936388969,-0.561805546,6,6,6,142,176,176,176,2,2,1,61,9,6,0,0.14,52736,2010,NCSS,0.931,5.586,18.62,"c(-84.987892151, 31.0798091890001)"
20.67733383,19.23150063,20.01950073,20.4853344,19.47566795,90.74500275,90.74500275,88.09857941,112.2130661,150.0593414,-0.374722213,0.519861102,-1.850277781,-1.302222252,0.521388888,0.647083342,0.249999985,-4.427083492,-4.936388969,-0.561805546,6,6,6,61,176,176,176,2,2,1,61,9,6,0,4.05,132715,2010,NCSS,26.9325,161.595,538.65,"c(-84.98815918, 31.0799274440001)"
20.67733383,19.23150063,20.01950073,20.4853344,19.47566795,90.74500275,90.74500275,88.09857941,112.2130661,150.0593414,-0.374722213,0.519861102,-1.850277781,-1.302222252,0.521388888,0.647083342,0.249999985,-4.427083492,-4.936388969,-0.561805546,6,6,6,61,176,176,176,2,2,1,37,9,6,0,0.74,132711,2010,NCSS,4.921,29.526,98.42,"c(-84.987724304, 31.0799274440001)"
20.67733383,19.23150063,20.01950073,20.4853344,19.47566795,90.74500275,90.74500275,88.09857941,112.2130661,150.0593414,-0.374722213,0.519861102,-1.850277781,-1.302222252,0.521388888,0.647083342,0.249999985,-4.427083492,-4.936388969,-0.561805546,6,6,6,61,176,176,176,2,2,1,37,9,6,0,0.88,132710,2010,NCSS,5.852,35.112,117.04,"c(-84.9879074099999, 31.0802249910001)"
18.9948349,18.3413353,19.29383469,19.62375069,18.90275002,85.13674927,85.13674927,67.35949707,86.16905212,132.5720825,-0.36388889,0.300138891,-1.71430552,-1.454999924,0.142777786,1.006944418,0.511666656,-3.902361155,-5.17388916,-1.151527762,6,6,6,142,142,142,142,4,4,3,142,9,6,0,3.8,135340,2015,NCSS,25.27,151.62,505.4,"c(-84.46925354, 31.175556183)"
18.9948349,18.3413353,19.29383469,19.62375069,18.90275002,85.13674927,85.13674927,67.35949707,86.16905212,132.5720825,-0.36388889,0.300138891,-1.71430552,-1.454999924,0.142777786,1.006944418,0.511666656,-3.902361155,-5.17388916,-1.151527762,6,6,6,142,142,142,142,2,2,2,142,9,9,0,0.17,135344,2015,NCSS,1.1305,6.783,22.61,"c(-84.470169067, 31.1782779690001)"
18.9948349,18.3413353,19.29383469,19.62375069,18.90275002,85.13674927,85.13674927,67.35949707,86.16905212,132.5720825,-0.36388889,0.300138891,-1.71430552,-1.454999924,0.142777786,1.006944418,0.511666656,-3.902361155,-5.17388916,-1.151527762,6,6,6,190,141,190,143,4,2,1,190,9,6,0,1.65,135341,2015,NCSS,10.9725,65.835,219.45,"c(-84.478225708, 31.1825561520001)"
18.9948349,18.3413353,19.29383469,19.62375069,18.90275002,85.13674927,85.13674927,67.35949707,86.16905212,132.5720825,-0.36388889,0.300138891,-1.71430552,-1.454999924,0.142777786,1.006944418,0.511666656,-3.902361155,-5.17388916,-1.151527762,6,6,6,141,190,152,141,4,2,1,141,9,9,0,0.09,135327,2015,NCSS,0.5985,3.591,11.97,"c(-84.454818726, 31.183227539)"
18.9948349,18.3413353,19.29383469,19.62375069,18.90275002,85.13674927,85.13674927,67.35949707,86.16905212,132.5720825,-0.36388889,0.300138891,-1.71430552,-1.454999924,0.142777786,1.006944418,0.511666656,-3.902361155,-5.17388916,-1.151527762,6,6,6,141,190,190,142,5,4,1,141,9,9,0,4.38,135339,2015,NCSS,29.127,174.762,582.54,"c(-84.470756531, 31.183475494)"
18.96883392,18.33525085,19.24400139,19.61375046,18.87450027,95.1158371,95.1158371,74.03916931,90.3457489,141.7154999,-0.34375,0.261944443,-1.846805573,-1.484861135,0.15291667,1.036805511,0.347222209,-4.139583111,-5.258749962,-1.116666675,6,6,6,37,176,176,176,2,2,1,61,9,6,0,0.89,132719,2010,NCSS,5.9185,35.511,118.37,"c(-84.54058075, 31.184230804)"
18.96883392,18.33525085,19.24400139,19.61375046,18.87450027,95.1158371,95.1158371,74.03916931,90.3457489,141.7154999,-0.34375,0.261944443,-1.846805573,-1.484861135,0.15291667,1.036805511,0.347222209,-4.139583111,-5.258749962,-1.116666675,6,6,6,37,176,176,176,2,2,1,28,9,6,0,1.17,132718,2010,NCSS,7.7805,46.683,155.61,"c(-84.540138245, 31.1842880250001)"
18.96883392,18.33525085,19.24400139,19.61375046,18.87450027,95.1158371,95.1158371,74.03916931,90.3457489,141.7154999,-0.34375,0.261944443,-1.846805573,-1.484861135,0.15291667,1.036805511,0.347222209,-4.139583111,-5.258749962,-1.116666675,6,6,6,37,176,176,176,2,2,1,61,9,6,0,0.77,132720,2010,NCSS,5.1205,30.723,102.41,"c(-84.5410156249999, 31.1843051910001)"
18.96883392,18.33525085,19.24400139,19.61375046,18.87450027,95.1158371,95.1158371,74.03916931,90.3457489,141.7154999,-0.34375,0.261944443,-1.846805573,-1.484861135,0.15291667,1.036805511,0.347222209,-4.139583111,-5.258749962,-1.116666675,6,6,6,37,176,176,176,2,2,1,61,9,6,0,0.04,52737,2010,NCSS,0.266,1.596,5.32,"c(-84.5405273439999, 31.184476852)"
18.96883392,18.33525085,19.24400139,19.61375046,18.87450027,95.1158371,95.1158371,74.03916931,90.3457489,141.7154999,-0.34375,0.261944443,-1.846805573,-1.484861135,0.15291667,1.036805511,0.347222209,-4.139583111,-5.258749962,-1.116666675,6,6,6,37,176,176,61,2,2,1,61,9,6,0,1.39,132717,2010,NCSS,9.2435,55.461,184.87,"c(-84.540367126, 31.184589386)"
18.96883392,18.33525085,19.24400139,19.61375046,18.87450027,95.1158371,95.1158371,74.03916931,90.3457489,141.7154999,-0.34375,0.261944443,-1.846805573,-1.484861135,0.15291667,1.036805511,0.347222209,-4.139583111,-5.258749962,-1.116666675,6,6,6,37,176,176,176,2,2,1,61,9,6,0,0.92,132721,2010,NCSS,6.118,36.708,122.36,"c(-84.540779114, 31.184591293)"
18.96883392,18.33525085,19.24400139,19.61375046,18.87450027,95.1158371,95.1158371,74.03916931,90.3457489,141.7154999,-0.34375,0.261944443,-1.846805573,-1.484861135,0.15291667,1.036805511,0.347222209,-4.139583111,-5.258749962,-1.116666675,6,6,6,37,176,176,176,2,2,1,61,9,6,0,1.87,132716,2010,NCSS,12.4355,74.613,248.71,"c(-84.5405273439999, 31.18488884)"
18.9948349,18.3413353,19.29383469,19.62375069,18.90275002,85.13674927,85.13674927,67.35949707,86.16905212,132.5720825,-0.36388889,0.300138891,-1.71430552,-1.454999924,0.142777786,1.006944418,0.511666656,-3.902361155,-5.17388916,-1.151527762,6,6,6,142,141,141,143,3,3,1,74,9,9,0,0.5,135343,2015,NCSS,3.325,19.95,66.5,"c(-84.476280212, 31.185028076)"
18.9948349,18.3413353,19.29383469,19.62375069,18.90275002,85.13674927,85.13674927,67.35949707,86.16905212,132.5720825,-0.36388889,0.300138891,-1.71430552,-1.454999924,0.142777786,1.006944418,0.511666656,-3.902361155,-5.17388916,-1.151527762,6,6,6,142,142,142,141,3,2,2,141,9,9,0,3.68,135345,2015,NCSS,24.472,146.832,489.44,"c(-84.464500427, 31.1866798400001)"
18.9948349,18.3413353,19.29383469,19.62375069,18.90275002,85.13674927,85.13674927,67.35949707,86.16905212,132.5720825,-0.36388889,0.300138891,-1.71430552,-1.454999924,0.142777786,1.006944418,0.511666656,-3.902361155,-5.17388916,-1.151527762,6,6,6,142,142,142,142,3,2,2,142,9,9,0,0.9,135342,2015,NCSS,5.985,35.91,119.7,"c(-84.464607239, 31.1867332460001)"
18.9948349,18.3413353,19.29383469,19.62375069,18.90275002,85.13674927,85.13674927,67.35949707,86.16905212,132.5720825,-0.36388889,0.300138891,-1.71430552,-1.454999924,0.142777786,1.006944418,0.511666656,-3.902361155,-5.17388916,-1.151527762,6,6,6,142,142,142,141,4,2,1,142,9,6,0,1.28,135334,2015,NCSS,8.512,51.072,170.24,"c(-84.456001282, 31.187364578)"
18.9948349,18.3413353,19.29383469,19.62375069,18.90275002,85.13674927,85.13674927,67.35949707,86.16905212,132.5720825,-0.36388889,0.300138891,-1.71430552,-1.454999924,0.142777786,1.006944418,0.511666656,-3.902361155,-5.17388916,-1.151527762,6,6,6,142,142,142,142,2,2,1,141,9,6,0,0.23,135337,2015,NCSS,1.5295,9.177,30.59,"c(-84.454277039, 31.1904830930001)"
18.9948349,18.3413353,19.29383469,19.62375069,18.90275002,85.13674927,85.13674927,67.35949707,86.16905212,132.5720825,-0.36388889,0.300138891,-1.71430552,-1.454999924,0.142777786,1.006944418,0.511666656,-3.902361155,-5.17388916,-1.151527762,6,6,6,142,142,142,142,3,2,2,142,9,9,0,0.22,135338,2015,NCSS,1.463,8.778,29.26,"c(-84.456199646, 31.1919498440001)"
18.9948349,18.3413353,19.29383469,19.62375069,18.90275002,85.13674927,85.13674927,67.35949707,86.16905212,132.5720825,-0.36388889,0.300138891,-1.71430552,-1.454999924,0.142777786,1.006944418,0.511666656,-3.902361155,-5.17388916,-1.151527762,6,6,6,142,142,142,142,4,3,1,141,9,6,0,0.33,135332,2015,NCSS,2.1945,13.167,43.89,"c(-84.460296631, 31.19437027)"
18.9948349,18.3413353,19.29383469,19.62375069,18.90275002,85.13674927,85.13674927,67.35949707,86.16905212,132.5720825,-0.36388889,0.300138891,-1.71430552,-1.454999924,0.142777786,1.006944418,0.511666656,-3.902361155,-5.17388916,-1.151527762,6,6,6,142,142,142,142,3,3,1,142,9,6,0,4.45,135333,2015,NCSS,29.5925,177.555,591.85,"c(-84.4522628779999, 31.1945953370001)"
18.9948349,18.3413353,19.29383469,19.62375069,18.90275002,85.13674927,85.13674927,67.35949707,86.16905212,132.5720825,-0.36388889,0.300138891,-1.71430552,-1.454999924,0.142777786,1.006944418,0.511666656,-3.902361155,-5.17388916,-1.151527762,6,6,6,142,142,142,142,3,3,1,142,9,6,0,0.36,135336,2015,NCSS,2.394,14.364,47.88,"c(-84.457000732, 31.194862366)"
18.9948349,18.3413353,19.29383469,19.62375069,18.90275002,85.13674927,85.13674927,67.35949707,86.16905212,132.5720825,-0.36388889,0.300138891,-1.71430552,-1.454999924,0.142777786,1.006944418,0.511666656,-3.902361155,-5.17388916,-1.151527762,6,6,6,142,142,142,142,4,3,1,142,9,6,0,0.54,135335,2015,NCSS,3.591,21.546,71.82,"c(-84.4510803219999, 31.1949825290001)"
18.9948349,18.3413353,19.29383469,19.62375069,18.90275002,85.13674927,85.13674927,67.35949707,86.16905212,132.5720825,-0.36388889,0.300138891,-1.71430552,-1.454999924,0.142777786,1.006944418,0.511666656,-3.902361155,-5.17388916,-1.151527762,6,6,6,121,121,121,121,4,3,2,121,9,9,0,0.08,134890,2012,NCSS,0.532,3.192,10.64,"c(-84.466468811, 31.1960697170001)"
18.9948349,18.3413353,19.29383469,19.62375069,18.90275002,85.13674927,85.13674927,67.35949707,86.16905212,132.5720825,-0.36388889,0.300138891,-1.71430552,-1.454999924,0.142777786,1.006944418,0.511666656,-3.902361155,-5.17388916,-1.151527762,6,6,6,142,142,142,142,3,2,1,141,9,6,0,0.47,135323,2015,NCSS,3.1255,18.753,62.51,"c(-84.473342896, 31.1960830690001)"
18.9948349,18.3413353,19.29383469,19.62375069,18.90275002,85.13674927,85.13674927,67.35949707,86.16905212,132.5720825,-0.36388889,0.300138891,-1.71430552,-1.454999924,0.142777786,1.006944418,0.511666656,-3.902361155,-5.17388916,-1.151527762,6,6,6,142,143,142,142,4,3,2,141,9,6,0,0.23,135331,2015,NCSS,1.5295,9.177,30.59,"c(-84.4643020629999, 31.196269989)"
18.9948349,18.3413353,19.29383469,19.62375069,18.90275002,85.13674927,85.13674927,67.35949707,86.16905212,132.5720825,-0.36388889,0.300138891,-1.71430552,-1.454999924,0.142777786,1.006944418,0.511666656,-3.902361155,-5.17388916,-1.151527762,6,6,6,142,142,142,141,4,3,1,141,9,6,0,0.65,135330,2015,NCSS,4.3225,25.935,86.45,"c(-84.461997986, 31.1963195800001)"
18.95849991,18.3358345,19.26450157,19.61958504,18.89383507,88.56791687,88.56791687,67.24475098,84.65142822,132.8616638,-0.36388889,0.300138891,-1.71430552,-1.454999924,0.142777786,1.006944418,0.511666656,-3.902361155,-5.17388916,-1.151527762,6,6,6,142,142,141,141,2,2,1,142,9,9,0,0.08,135326,2015,NCSS,0.532,3.192,10.64,"c(-84.4916076659999, 31.1975135800001)"
18.9948349,18.3413353,19.29383469,19.62375069,18.90275002,85.13674927,85.13674927,67.35949707,86.16905212,132.5720825,-0.36388889,0.300138891,-1.71430552,-1.454999924,0.142777786,1.006944418,0.511666656,-3.902361155,-5.17388916,-1.151527762,6,6,6,142,143,142,142,4,3,2,143,9,6,0,1.86,135329,2015,NCSS,12.369,74.214,247.38,"c(-84.4673995969999, 31.19824028)"
18.9948349,18.3413353,19.29383469,19.62375069,18.90275002,85.13674927,85.13674927,67.35949707,86.16905212,132.5720825,-0.36388889,0.300138891,-1.71430552,-1.454999924,0.142777786,1.006944418,0.511666656,-3.902361155,-5.17388916,-1.151527762,6,6,6,142,142,142,142,3,4,1,141,9,6,0,5.36,135328,2015,NCSS,35.644,213.864,712.88,"c(-84.464698792, 31.202270508)"
18.9948349,18.3413353,19.29383469,19.62375069,18.90275002,85.13674927,85.13674927,67.35949707,86.16905212,132.5720825,-0.36388889,0.300138891,-1.71430552,-1.454999924,0.142777786,1.006944418,0.511666656,-3.902361155,-5.17388916,-1.151527762,6,6,6,142,142,142,142,5,5,1,142,9,6,0,0.3,135324,2015,NCSS,1.995,11.97,39.9,"c(-84.4697265629999, 31.208053589)"
18.9948349,18.3413353,19.29383469,19.62375069,18.90275002,85.13674927,85.13674927,67.35949707,86.16905212,132.5720825,-0.36388889,0.300138891,-1.71430552,-1.454999924,0.142777786,1.006944418,0.511666656,-3.902361155,-5.17388916,-1.151527762,6,6,6,142,142,142,142,4,4,1,142,9,9,0,0.17,135325,2015,NCSS,1.1305,6.783,22.61,"c(-84.468528748, 31.2103614810001)"
19.06350136,18.50100136,19.36775017,19.76258469,18.82383347,94.66208649,94.66208649,75.50158691,84.94582367,147.1084137,-0.461111128,0.711944461,-1.092361093,-1.421249986,0.536249995,1.17194438,2.213055611,-2.954999924,-4.952222347,-0.082777768,6,6,6,142,142,142,142,5,4,2,142,9,9,0,0.51,132725,2010,NCSS,3.3915,20.349,67.83,"c(-83.840606689, 31.412080765)"
19.06350136,18.50100136,19.36775017,19.76258469,18.82383347,94.66208649,94.66208649,75.50158691,84.94582367,147.1084137,-0.461111128,0.711944461,-1.092361093,-1.421249986,0.536249995,1.17194438,2.213055611,-2.954999924,-4.952222347,-0.082777768,6,6,6,142,142,176,142,5,4,2,142,9,9,0,0.65,132724,2010,NCSS,4.3225,25.935,86.45,"c(-83.840171814, 31.412130356)"
19.06350136,18.50100136,19.36775017,19.76258469,18.82383347,94.66208649,94.66208649,75.50158691,84.94582367,147.1084137,-0.461111128,0.711944461,-1.092361093,-1.421249986,0.536249995,1.17194438,2.213055611,-2.954999924,-4.952222347,-0.082777768,6,6,6,142,142,142,142,5,4,2,142,9,9,0,1.12,132726,2010,NCSS,7.448,44.688,148.96,"c(-83.841041565, 31.4121494290001)"
19.06350136,18.50100136,19.36775017,19.76258469,18.82383347,94.66208649,94.66208649,75.50158691,84.94582367,147.1084137,-0.461111128,0.711944461,-1.092361093,-1.421249986,0.536249995,1.17194438,2.213055611,-2.954999924,-4.952222347,-0.082777768,6,6,6,142,142,142,142,5,4,2,142,9,9,0,0.66,52733,2010,NCSS,4.389,26.334,87.78,"c(-83.840553284, 31.412322998)"
19.06350136,18.50100136,19.36775017,19.76258469,18.82383347,94.66208649,94.66208649,75.50158691,84.94582367,147.1084137,-0.461111128,0.711944461,-1.092361093,-1.421249986,0.536249995,1.17194438,2.213055611,-2.954999924,-4.952222347,-0.082777768,6,6,6,142,142,142,142,5,4,2,142,9,9,0,0.74,132723,2010,NCSS,4.921,29.526,98.42,"c(-83.840385437, 31.4124355320001)"
19.06350136,18.50100136,19.36775017,19.76258469,18.82383347,94.66208649,94.66208649,75.50158691,84.94582367,147.1084137,-0.461111128,0.711944461,-1.092361093,-1.421249986,0.536249995,1.17194438,2.213055611,-2.954999924,-4.952222347,-0.082777768,6,6,6,142,142,142,142,5,4,2,142,9,9,0,1.01,132727,2010,NCSS,6.7165,40.299,134.33,"c(-83.840812683, 31.412441254)"
19.06350136,18.50100136,19.36775017,19.76258469,18.82383347,94.66208649,94.66208649,75.50158691,84.94582367,147.1084137,-0.461111128,0.711944461,-1.092361093,-1.421249986,0.536249995,1.17194438,2.213055611,-2.954999924,-4.952222347,-0.082777768,6,6,6,142,142,142,142,5,4,2,142,9,9,0,0.75,132722,2010,NCSS,4.9875,29.925,99.75,"c(-83.840553284, 31.4127311710001)"
18.80283356,18.24550056,19.2029171,19.6071682,18.75725174,88.29966736,88.29966736,73.73007965,102.152565,137.0223389,-0.366388887,0.659166634,-1.293055534,-1.109722257,0.921666682,0.988611102,1.659999967,-3.177777767,-4.060138702,1.320000052,6,6,9,37,37,176,37,2,2,1,10,9,9,0,0,132763,2010,NCSS,,,,"c(-83.541305542, 31.500085831)"
18.80283356,18.24550056,19.2029171,19.6071682,18.75725174,88.29966736,88.29966736,73.73007965,102.152565,137.0223389,-0.366388887,0.659166634,-1.293055534,-1.109722257,0.921666682,0.988611102,1.659999967,-3.177777767,-4.060138702,1.320000052,6,6,9,37,37,176,37,2,2,1,10,9,9,0,0.03,132762,2010,NCSS,0.1995,1.197,3.99,"c(-83.540855408, 31.500139236)"
18.80283356,18.24550056,19.2029171,19.6071682,18.75725174,88.29966736,88.29966736,73.73007965,102.152565,137.0223389,-0.366388887,0.659166634,-1.293055534,-1.109722257,0.921666682,0.988611102,1.659999967,-3.177777767,-4.060138702,1.320000052,6,6,6,37,37,176,176,2,2,1,10,11,9,0,0,132764,2010,NCSS,,,,"c(-83.541732788, 31.5001583100001)"
18.80283356,18.24550056,19.2029171,19.6071682,18.75725174,88.29966736,88.29966736,73.73007965,102.152565,137.0223389,-0.366388887,0.659166634,-1.293055534,-1.109722257,0.921666682,0.988611102,1.659999967,-3.177777767,-4.060138702,1.320000052,6,6,9,37,37,176,37,2,2,1,2,9,9,0,0,132759,2010,NCSS,,,,"c(-83.541244507, 31.500328064)"
18.80283356,18.24550056,19.2029171,19.6071682,18.75725174,88.29966736,88.29966736,73.73007965,102.152565,137.0223389,-0.366388887,0.659166634,-1.293055534,-1.109722257,0.921666682,0.988611102,1.659999967,-3.177777767,-4.060138702,1.320000052,6,6,9,37,37,176,37,2,2,1,2,9,9,0,0.02,132761,2010,NCSS,0.133,0.798,2.66,"c(-83.541069031, 31.500442505)"
18.80283356,18.24550056,19.2029171,19.6071682,18.75725174,88.29966736,88.29966736,73.73007965,102.152565,137.0223389,-0.366388887,0.659166634,-1.293055534,-1.109722257,0.921666682,0.988611102,1.659999967,-3.177777767,-4.060138702,1.320000052,6,6,9,37,37,176,37,2,2,1,37,9,9,0,0,132765,2010,NCSS,,,,"c(-83.541496277, 31.5004501340001)"
18.80283356,18.24550056,19.2029171,19.6071682,18.75725174,88.29966736,88.29966736,73.73007965,102.152565,137.0223389,-0.366388887,0.659166634,-1.293055534,-1.109722257,0.921666682,0.988611102,1.659999967,-3.177777767,-4.060138702,1.320000052,6,6,9,37,37,176,37,2,2,1,10,9,9,0,0,132760,2010,NCSS,,,,"c(-83.541236877, 31.500741959)"
18.64066696,18.10933495,19.08175087,19.48558426,18.7001667,94.12850189,94.12850189,69.36383057,94.37297821,134.0844116,-0.437222213,1.011250019,-0.948611081,-1.329999924,0.852500021,1.05472219,2.958333254,-2.491250038,-4.467083454,0.993194461,6,6,6,2,10,2,176,2,1,1,61,9,9,0,0.04,132756,2010,NCSS,0.266,1.596,5.32,"c(-83.558479309, 31.5763397220001)"
18.64066696,18.10933495,19.08175087,19.48558426,18.7001667,94.12850189,94.12850189,69.36383057,94.37297821,134.0844116,-0.437222213,1.011250019,-0.948611081,-1.329999924,0.852500021,1.05472219,2.958333254,-2.491250038,-4.467083454,0.993194461,6,6,6,2,10,2,176,2,2,1,37,9,9,0,0.06,132755,2010,NCSS,0.399,2.394,7.98,"c(-83.558044434, 31.576385498)"
18.64066696,18.10933495,19.08175087,19.48558426,18.7001667,94.12850189,94.12850189,69.36383057,94.37297821,134.0844116,-0.437222213,1.011250019,-0.948611081,-1.329999924,0.852500021,1.05472219,2.958333254,-2.491250038,-4.467083454,0.993194461,6,6,6,2,2,2,176,2,1,1,10,9,9,0,0,132757,2010,NCSS,,,,"c(-83.5589141849999, 31.5764064790001)"
18.64066696,18.10933495,19.08175087,19.48558426,18.7001667,94.12850189,94.12850189,69.36383057,94.37297821,134.0844116,-0.437222213,1.011250019,-0.948611081,-1.329999924,0.852500021,1.05472219,2.958333254,-2.491250038,-4.467083454,0.993194461,6,6,6,2,10,2,176,2,1,1,37,9,9,0,0.12,52731,2010,NCSS,0.798,4.788,15.96,"c(-83.558418274, 31.576580048)"
18.64066696,18.10933495,19.08175087,19.48558426,18.7001667,94.12850189,94.12850189,69.36383057,94.37297821,134.0844116,-0.437222213,1.011250019,-0.948611081,-1.329999924,0.852500021,1.05472219,2.958333254,-2.491250038,-4.467083454,0.993194461,6,6,6,2,10,2,176,2,2,1,37,9,9,0,0.06,132754,2010,NCSS,0.399,2.394,7.98,"c(-83.558258057, 31.576692581)"
18.64066696,18.10933495,19.08175087,19.48558426,18.7001667,94.12850189,94.12850189,69.36383057,94.37297821,134.0844116,-0.437222213,1.011250019,-0.948611081,-1.329999924,0.852500021,1.05472219,2.958333254,-2.491250038,-4.467083454,0.993194461,6,6,6,10,2,2,176,2,1,1,61,9,9,0,0.04,132758,2010,NCSS,0.266,1.596,5.32,"c(-83.558685303, 31.5767021180001)"
18.64066696,18.10933495,19.08175087,19.48558426,18.7001667,94.12850189,94.12850189,69.36383057,94.37297821,134.0844116,-0.437222213,1.011250019,-0.948611081,-1.329999924,0.852500021,1.05472219,2.958333254,-2.491250038,-4.467083454,0.993194461,6,6,6,2,2,2,176,2,1,1,61,9,9,0,0.06,132753,2010,NCSS,0.399,2.394,7.98,"c(-83.5584259029999, 31.57698822)"
18.5494175,18.05083466,19.01741791,19.44125175,18.69766808,101.5792542,101.5792542,75.28450012,97.78855133,137.3570862,-0.511666656,1.205277801,-0.994861126,-1.341388822,0.922361076,0.988749981,3.354583263,-2.488472223,-4.515833378,1.131527781,6,6,6,142,142,142,142,5,3,2,142,9,6,0,0.73,132731,2010,NCSS,4.8545,29.127,97.09,"c(-83.495300293, 31.6212863920001)"
18.5494175,18.05083466,19.01741791,19.44125175,18.69766808,101.5792542,101.5792542,75.28450012,97.78855133,137.3570862,-0.511666656,1.205277801,-0.994861126,-1.341388822,0.922361076,0.988749981,3.354583263,-2.488472223,-4.515833378,1.131527781,6,6,6,142,142,142,142,5,3,2,142,9,6,0,0.75,132730,2010,NCSS,4.9875,29.925,99.75,"c(-83.494857788, 31.621334076)"
18.5494175,18.05083466,19.01741791,19.44125175,18.69766808,101.5792542,101.5792542,75.28450012,97.78855133,137.3570862,-0.511666656,1.205277801,-0.994861126,-1.341388822,0.922361076,0.988749981,3.354583263,-2.488472223,-4.515833378,1.131527781,6,6,6,142,142,142,142,7,4,2,142,9,6,0,0.45,132732,2010,NCSS,2.9925,17.955,59.85,"c(-83.495735168, 31.621358871)"
18.5494175,18.05083466,19.01741791,19.44125175,18.69766808,101.5792542,101.5792542,75.28450012,97.78855133,137.3570862,-0.511666656,1.205277801,-0.994861126,-1.341388822,0.922361076,0.988749981,3.354583263,-2.488472223,-4.515833378,1.131527781,6,6,6,142,142,142,142,5,3,2,142,9,6,0,0.3,52734,2010,NCSS,1.995,11.97,39.9,"c(-83.495246887, 31.6215286250001)"
18.5494175,18.05083466,19.01741791,19.44125175,18.69766808,101.5792542,101.5792542,75.28450012,97.78855133,137.3570862,-0.511666656,1.205277801,-0.994861126,-1.341388822,0.922361076,0.988749981,3.354583263,-2.488472223,-4.515833378,1.131527781,6,6,6,142,142,142,142,5,3,2,142,9,6,0,0.9,132729,2010,NCSS,5.985,35.91,119.7,"c(-83.495071411, 31.6216087340001)"
18.5494175,18.05083466,19.01741791,19.44125175,18.69766808,101.5792542,101.5792542,75.28450012,97.78855133,137.3570862,-0.511666656,1.205277801,-0.994861126,-1.341388822,0.922361076,0.988749981,3.354583263,-2.488472223,-4.515833378,1.131527781,6,6,6,142,142,142,142,7,4,2,142,9,6,0,0.37,132733,2010,NCSS,2.4605,14.763,49.21,"c(-83.495498657, 31.6216506960001)"
18.5494175,18.05083466,19.01741791,19.44125175,18.69766808,101.5792542,101.5792542,75.28450012,97.78855133,137.3570862,-0.511666656,1.205277801,-0.994861126,-1.341388822,0.922361076,0.988749981,3.354583263,-2.488472223,-4.515833378,1.131527781,6,6,6,142,142,142,142,5,3,2,142,9,6,0,0.96,132728,2010,NCSS,6.384,38.304,127.68,"c(-83.495246887, 31.621936798)"
17.83591843,17.69533348,18.78183365,19.13741684,17.93208504,89.48983002,89.48983002,81.19274902,73.14723206,138.4021606,-0.25666666,1.355000019,-1.185833335,-1.711805463,0.8125,0.952222228,3.398611069,-3.096527815,-5.034722328,1.095555544,3,3,6,37,176,176,176,2,2,1,61,9,6,0,0.47,132707,2010,NCSS,3.1255,18.753,62.51,"c(-83.35925293, 32.340831757)"
17.83591843,17.69533348,18.78183365,19.13741684,17.93208504,89.48983002,89.48983002,81.19274902,73.14723206,138.4021606,-0.25666666,1.355000019,-1.185833335,-1.711805463,0.8125,0.952222228,3.398611069,-3.096527815,-5.034722328,1.095555544,3,3,3,37,176,37,176,2,2,1,37,6,6,0,0.65,132706,2010,NCSS,4.3225,25.935,86.45,"c(-83.358810425, 32.340881348)"
17.83591843,17.69533348,18.78183365,19.13741684,17.93208504,89.48983002,89.48983002,81.19274902,73.14723206,138.4021606,-0.25666666,1.355000019,-1.185833335,-1.711805463,0.8125,0.952222228,3.398611069,-3.096527815,-5.034722328,1.095555544,3,3,3,37,176,176,176,2,2,1,37,6,6,0,0.38,132708,2010,NCSS,2.527,15.162,50.54,"c(-83.3596954349999, 32.340904236)"
17.83591843,17.69533348,18.78183365,19.13741684,17.93208504,89.48983002,89.48983002,81.19274902,73.14723206,138.4021606,-0.25666666,1.355000019,-1.185833335,-1.711805463,0.8125,0.952222228,3.398611069,-3.096527815,-5.034722328,1.095555544,3,3,3,37,176,176,176,2,2,1,37,6,6,0,0.76,132703,2010,NCSS,5.054,30.324,101.08,"c(-83.359199524, 32.341075897)"
17.83591843,17.69533348,18.78183365,19.13741684,17.93208504,89.48983002,89.48983002,81.19274902,73.14723206,138.4021606,-0.25666666,1.355000019,-1.185833335,-1.711805463,0.8125,0.952222228,3.398611069,-3.096527815,-5.034722328,1.095555544,3,3,3,37,176,176,176,2,2,1,37,6,6,0,0.81,132705,2010,NCSS,5.3865,32.319,107.73,"c(-83.359024048, 32.341186523)"
17.83591843,17.69533348,18.78183365,19.13741684,17.93208504,89.48983002,89.48983002,81.19274902,73.14723206,138.4021606,-0.25666666,1.355000019,-1.185833335,-1.711805463,0.8125,0.952222228,3.398611069,-3.096527815,-5.034722328,1.095555544,3,3,3,37,176,176,176,2,2,1,37,6,6,0,0.3,132709,2010,NCSS,1.995,11.97,39.9,"c(-83.359458923, 32.3411979680001)"
17.83591843,17.69533348,18.78183365,19.13741684,17.93208504,89.48983002,89.48983002,81.19274902,73.14723206,138.4021606,-0.25666666,1.355000019,-1.185833335,-1.711805463,0.8125,0.952222228,3.398611069,-3.096527815,-5.034722328,1.095555544,3,3,3,37,176,176,176,2,2,1,37,6,6,0,0.59,132704,2010,NCSS,3.9235,23.541,78.47,"c(-83.359191895, 32.34148407)"
18.48658371,18.26666832,19.16083336,19.45866776,18.37275124,104.8580017,104.8580017,81.38241577,80.43166351,115.3294983,-0.325138897,1.374027729,-0.769999981,-1.386944413,0.815277755,0.472222209,3.192499876,-2.015000105,-4.289027691,1.186111093,6,6,6,142,142,142,142,5,2,1,142,9,6,0,0.2,132743,2010,NCSS,1.33,7.98,26.6,"c(-82.37928772, 32.3610992430001)"
18.48658371,18.26666832,19.16083336,19.45866776,18.37275124,104.8580017,104.8580017,81.38241577,80.43166351,115.3294983,-0.325138897,1.374027729,-0.769999981,-1.386944413,0.815277755,0.472222209,3.192499876,-2.015000105,-4.289027691,1.186111093,6,6,6,142,142,142,142,5,2,1,142,9,6,0,1.37,132742,2010,NCSS,9.1105,54.663,182.21,"c(-82.378845215, 32.3611488340001)"
18.48658371,18.26666832,19.16083336,19.45866776,18.37275124,104.8580017,104.8580017,81.38241577,80.43166351,115.3294983,-0.325138897,1.374027729,-0.769999981,-1.386944413,0.815277755,0.472222209,3.192499876,-2.015000105,-4.289027691,1.186111093,6,6,6,142,142,142,142,5,2,1,142,9,6,0,0.11,132744,2010,NCSS,0.7315,4.389,14.63,"c(-82.379722595, 32.3611755370001)"
18.48658371,18.26666832,19.16083336,19.45866776,18.37275124,104.8580017,104.8580017,81.38241577,80.43166351,115.3294983,-0.325138897,1.374027729,-0.769999981,-1.386944413,0.815277755,0.472222209,3.192499876,-2.015000105,-4.289027691,1.186111093,6,6,6,142,142,142,142,5,2,1,142,9,6,0,0.16,52700,2010,NCSS,1.064,6.384,21.28,"c(-82.3792266849999, 32.3613433840001)"
18.48658371,18.26666832,19.16083336,19.45866776,18.37275124,104.8580017,104.8580017,81.38241577,80.43166351,115.3294983,-0.325138897,1.374027729,-0.769999981,-1.386944413,0.815277755,0.472222209,3.192499876,-2.015000105,-4.289027691,1.186111093,6,6,6,142,142,142,142,5,2,1,142,9,6,0,0.82,132741,2010,NCSS,5.453,32.718,109.06,"c(-82.3790588379999, 32.36145401)"
18.48658371,18.26666832,19.16083336,19.45866776,18.37275124,104.8580017,104.8580017,81.38241577,80.43166351,115.3294983,-0.325138897,1.374027729,-0.769999981,-1.386944413,0.815277755,0.472222209,3.192499876,-2.015000105,-4.289027691,1.186111093,6,6,6,142,142,142,142,5,2,1,142,9,6,0,0.08,132745,2010,NCSS,0.532,3.192,10.64,"c(-82.379486084, 32.361465454)"
18.48658371,18.26666832,19.16083336,19.45866776,18.37275124,104.8580017,104.8580017,81.38241577,80.43166351,115.3294983,-0.325138897,1.374027729,-0.769999981,-1.386944413,0.815277755,0.472222209,3.192499876,-2.015000105,-4.289027691,1.186111093,6,6,6,142,142,142,142,5,2,1,142,9,6,0,0.83,132740,2010,NCSS,5.5195,33.117,110.39,"c(-82.3792266849999, 32.361747742)"
17.76250076,17.59741783,18.66933441,19.02583504,17.76233482,90.12841797,90.12841797,80.2895813,70.17630005,138.7605896,-0.327361107,1.309583306,-1.116250038,-1.741249919,0.771388888,0.924722254,3.302777767,-3.077500105,-5.088055611,0.985000014,3,6,6,37,176,176,176,2,2,1,37,6,6,0,0.98,132700,2010,NCSS,6.517,39.102,130.34,"c(-83.36340332, 32.395942688)"
17.76250076,17.59741783,18.66933441,19.02583504,17.76233482,90.12841797,90.12841797,80.2895813,70.17630005,138.7605896,-0.327361107,1.309583306,-1.116250038,-1.741249919,0.771388888,0.924722254,3.302777767,-3.077500105,-5.088055611,0.985000014,3,6,6,37,176,176,176,2,2,1,37,6,6,0,25.57,132699,2010,NCSS,170.0405,1020.243,3400.81,"c(-83.362922668, 32.396026611)"
17.76250076,17.59741783,18.66933441,19.02583504,17.76233482,90.12841797,90.12841797,80.2895813,70.17630005,138.7605896,-0.327361107,1.309583306,-1.116250038,-1.741249919,0.771388888,0.924722254,3.302777767,-3.077500105,-5.088055611,0.985000014,3,6,6,37,176,176,176,2,2,1,176,6,6,0,0.95,132701,2010,NCSS,6.3175,37.905,126.35,"c(-83.3638458249999, 32.396053314)"
17.76250076,17.59741783,18.66933441,19.02583504,17.76233482,90.12841797,90.12841797,80.2895813,70.17630005,138.7605896,-0.327361107,1.309583306,-1.116250038,-1.741249919,0.771388888,0.924722254,3.302777767,-3.077500105,-5.088055611,0.985000014,3,6,6,37,176,176,176,2,2,1,37,6,6,0,0,52701,2010,NCSS,,,,"c(-83.363327026, 32.3962020870001)"
17.76250076,17.59741783,18.66933441,19.02583504,17.76233482,90.12841797,90.12841797,80.2895813,70.17630005,138.7605896,-0.327361107,1.309583306,-1.116250038,-1.741249919,0.771388888,0.924722254,3.302777767,-3.077500105,-5.088055611,0.985000014,3,6,6,37,176,176,176,2,2,1,37,6,6,0,0.87,132702,2010,NCSS,5.7855,34.713,115.71,"c(-83.363594055, 32.3962059020001)"
17.76250076,17.59741783,18.66933441,19.02583504,17.76233482,90.12841797,90.12841797,80.2895813,70.17630005,138.7605896,-0.327361107,1.309583306,-1.116250038,-1.741249919,0.771388888,0.924722254,3.302777767,-3.077500105,-5.088055611,0.985000014,3,6,6,37,176,176,176,2,2,1,37,6,6,0,11.94,132698,2010,NCSS,79.401,476.406,1588.02,"c(-83.36315918, 32.3963165280001)"
17.76250076,17.59741783,18.66933441,19.02583504,17.76233482,90.12841797,90.12841797,80.2895813,70.17630005,138.7605896,-0.327361107,1.309583306,-1.116250038,-1.741249919,0.771388888,0.924722254,3.302777767,-3.077500105,-5.088055611,0.985000014,3,6,6,37,176,176,37,2,2,1,74,6,6,0,22.87,132697,2010,NCSS,152.0855,912.513,3041.71,"c(-83.363334656, 32.39661026)"
18.39608383,18.13191795,19.21775055,19.27141762,18.03116798,99.6554184,99.6554184,79.81400299,88.08132935,126.051918,-0.397777766,1.445555568,-0.543888867,-1.399305582,0.801527739,0.431666672,3.298472166,-1.390277743,-4.251389027,1.286527753,4,4,4,142,142,142,142,5,3,1,142,7,4,0,0.07,132750,2010,NCSS,0.4655,2.793,9.31,"c(-82.3020248409999, 32.595092773)"
18.39608383,18.13191795,19.21775055,19.27141762,18.03116798,99.6554184,99.6554184,79.81400299,88.08132935,126.051918,-0.397777766,1.445555568,-0.543888867,-1.399305582,0.801527739,0.431666672,3.298472166,-1.390277743,-4.251389027,1.286527753,4,4,4,142,142,142,142,5,4,1,142,7,4,0,0.08,132749,2010,NCSS,0.532,3.192,10.64,"c(-82.301574707, 32.595134735)"
18.39608383,18.13191795,19.21775055,19.27141762,18.03116798,99.6554184,99.6554184,79.81400299,88.08132935,126.051918,-0.397777766,1.445555568,-0.543888867,-1.399305582,0.801527739,0.431666672,3.298472166,-1.390277743,-4.251389027,1.286527753,6,6,6,142,142,142,142,5,3,1,142,9,6,0,0.05,132751,2010,NCSS,0.3325,1.995,6.65,"c(-82.302459717, 32.595169067)"
18.39608383,18.13191795,19.21775055,19.27141762,18.03116798,99.6554184,99.6554184,79.81400299,88.08132935,126.051918,-0.397777766,1.445555568,-0.543888867,-1.399305582,0.801527739,0.431666672,3.298472166,-1.390277743,-4.251389027,1.286527753,4,4,4,142,142,142,142,5,4,1,142,7,4,0,0.08,132746,2010,NCSS,0.532,3.192,10.64,"c(-82.301963806, 32.595329285)"
18.39608383,18.13191795,19.21775055,19.27141762,18.03116798,99.6554184,99.6554184,79.81400299,88.08132935,126.051918,-0.397777766,1.445555568,-0.543888867,-1.399305582,0.801527739,0.431666672,3.298472166,-1.390277743,-4.251389027,1.286527753,4,4,4,142,142,142,142,5,4,1,142,7,4,0,0.09,132748,2010,NCSS,0.5985,3.591,11.97,"c(-82.30178833, 32.595443726)"
18.39608383,18.13191795,19.21775055,19.27141762,18.03116798,99.6554184,99.6554184,79.81400299,88.08132935,126.051918,-0.397777766,1.445555568,-0.543888867,-1.399305582,0.801527739,0.431666672,3.298472166,-1.390277743,-4.251389027,1.286527753,6,6,6,142,142,142,142,5,3,1,142,9,6,0,0.05,132752,2010,NCSS,0.3325,1.995,6.65,"c(-82.302223206, 32.5954589840001)"
18.39608383,18.13191795,19.21775055,19.27141762,18.03116798,99.6554184,99.6554184,79.81400299,88.08132935,126.051918,-0.397777766,1.445555568,-0.543888867,-1.399305582,0.801527739,0.431666672,3.298472166,-1.390277743,-4.251389027,1.286527753,4,4,4,142,142,142,142,5,4,1,142,7,4,0,0.08,132747,2010,NCSS,0.532,3.192,10.64,"c(-82.301956177, 32.5957450870001)"
16.31083488,16.34700012,17.40066719,17.97683525,16.32425117,88.72933197,88.72933197,77.45808411,77.63596344,131.9251709,-0.796111107,1.363194466,-0.600138903,-1.534861088,0.30583334,1.410972238,3.319583416,-2.164027691,-4.528611183,0.065555558,7,4,4,37,176,176,176,3,2,1,37,7,7,10.52,0.39,64228,2012,NCSS,2.5935,15.561,51.87,"c(-82.936195374, 33.593307495)"
